failToRecourse,acc,jsd,avgRecourseCost,avgNewRecourseCost,avgOriginalRecourseCost,t_rate,model_shift,failToRecourse_old,failToRecourse_new
0.0,0.0,0.21209839631022903,0.0,0.0,0.0,1.242152466367713,tensor(0.),0.0,0.0
0.375,0.7157142857142857,0.4469879053935749,0.49737696130195796,0.5264631054856643,0.454866442879618,1.032520325203252,tensor(2.4399),0.2692307692307692,0.4473684210526316
0.08571428571428572,0.8169642857142857,0.4553732934082627,0.4199706743960707,0.4112623223615929,0.4268926978080917,0.9841269841269841,tensor(1.5951),0.1282051282051282,0.03225806451612903
0.0,0.8663528806584361,0.42541624108406995,0.3546755895468318,0.351968985223114,0.3564799924293105,0.937984496124031,tensor(1.0252),0.0,0.0
0.058823529411764705,0.89435998386077,0.41423434992502817,0.3264483035913852,0.34154954836686696,0.30047416257755677,0.9305019305019305,tensor(0.9014),0.04,0.06976744186046512
0.045454545454545456,0.9126402982623064,0.40866499504545145,0.306662567006238,0.3021284957354387,0.31363806126900623,0.9083969465648855,tensor(0.6205),0.07692307692307693,0.025
0.03076923076923077,0.9180749018377314,0.3982121848327714,0.31414756885862033,0.3219206011068432,0.30449828744703344,0.8726591760299626,tensor(0.5142),0.034482758620689655,0.027777777777777776
0.078125,0.9617984601345759,0.3906308878064585,0.30125715041758705,0.2970966130141892,0.30597242614143777,0.8656716417910447,tensor(0.5601),0.06666666666666667,0.08823529411764706
0.07575757575757576,0.9774709867983891,0.3741759000239557,0.30428243352227474,0.3010474844306342,0.30751738261391537,0.8587360594795539,tensor(0.5602),0.06060606060606061,0.09090909090909091
0.18181818181818182,0.9824548659770898,0.37731352660754697,0.2588751745694288,0.2779038429022345,0.2313893203109318,0.8315018315018315,tensor(0.5039),0.2222222222222222,0.15384615384615385
0.13043478260869565,0.9863304513426818,0.3881192951783344,0.25949959989733895,0.25106938395907,0.2663768813206633,0.8050541516245487,tensor(0.6209),0.10526315789473684,0.16129032258064516
0.2028985507246377,0.9902709967229175,0.36871833171795726,0.24851510286035394,0.25597559871153325,0.23936997891374678,0.8115942028985508,tensor(0.5185),0.22580645161290322,0.18421052631578946
0.24285714285714285,0.9900671887448893,0.3858832456112878,0.22409655020372793,0.24242875102005101,0.2095248008369071,0.8248175182481752,tensor(1.0363),0.23076923076923078,0.25806451612903225
0.21428571428571427,0.9877213530746067,0.4032737544020669,0.23284680933628096,0.21572915507554294,0.2435951038720931,0.8315018315018315,tensor(0.5502),0.20930232558139536,0.2222222222222222
0.2,0.9920354729420154,0.41593490070556843,0.23152676245982604,0.2477229829374051,0.21623033200877909,0.8115942028985508,tensor(0.5273),0.25,0.14705882352941177
0.08695652173913043,0.9900326548565597,0.3809592527249534,0.2795804711181732,0.26751969317759844,0.29129665540330313,0.8050541516245487,tensor(0.4561),0.05714285714285714,0.11764705882352941
0.08823529411764706,0.9864654440491141,0.3846167314673345,0.2727504298287941,0.2795635214812724,0.2602597617992502,0.7985611510791367,tensor(0.7938),0.16666666666666666,0.045454545454545456
0.19117647058823528,0.9857219479493319,0.36304946440155594,0.25126202916846,0.24504373719940065,0.2582576076336518,0.8115942028985508,tensor(0.6237),0.1875,0.19444444444444445
0.22535211267605634,0.9834147911650175,0.3653400231256455,0.22154913203232016,0.20793889768265467,0.2391107247415659,0.7667844522968198,tensor(0.9419),0.16129032258064516,0.275
0.16176470588235295,0.9882866159222511,0.37139464236107295,0.27258790192267196,0.2867312281026217,0.25238315023702934,0.7730496453900709,tensor(0.3678),0.2857142857142857,0.075
0.20588235294117646,0.9892917386314674,0.32695312582617303,0.2696564773360368,0.2652842591549674,0.2740286955171061,0.7543859649122807,tensor(0.5762),0.20588235294117646,0.20588235294117646
0.2676056338028169,0.9892480365784565,0.35384274802990645,0.22648519290500813,0.2177665169755298,0.23449694916452893,0.7543859649122807,tensor(0.5690),0.24324324324324326,0.29411764705882354
0.20833333333333334,0.9866583921320737,0.3750174921975281,0.2508411366628385,0.26419327632822986,0.2321481411312906,0.7543859649122807,tensor(0.7380),0.23333333333333334,0.19047619047619047
0.17391304347826086,0.9867020341250488,0.3738161669542479,0.25125288397635515,0.2632855345044043,0.2373401318032983,0.7605633802816901,tensor(0.6412),0.28125,0.08108108108108109
0.2647058823529412,0.9877803275803672,0.3896067261080591,0.2709666393630133,0.2831660711493388,0.253538879668263,0.7482517482517482,tensor(0.7534),0.35714285714285715,0.2
0.1267605633802817,0.9859267169043486,0.37344714923038425,0.25981693992318483,0.27936424940429117,0.23310228363233948,0.7301038062283737,tensor(0.7664),0.2,0.07317073170731707
0.12162162162162163,0.988338617849753,0.3821675258838644,0.2716901911505345,0.2749118002961328,0.26846858200493623,0.7241379310344828,tensor(0.9429),0.13513513513513514,0.10810810810810811
0.11594202898550725,0.9907219443823632,0.362777706905474,0.28687567049909685,0.3024426619941072,0.26113026148811824,0.7123287671232876,tensor(0.7338),0.19230769230769232,0.06976744186046512
0.18666666666666668,0.9909321381032862,0.3458388781506839,0.25297689402194934,0.2647692594606021,0.23528834586397024,0.6949152542372882,tensor(0.6748),0.23333333333333334,0.15555555555555556
0.07894736842105263,0.9919290810882795,0.3391378367577291,0.28029003188561596,0.26643741651763025,0.29651738131668476,0.6949152542372882,tensor(0.5422),0.05714285714285714,0.0975609756097561
0.0684931506849315,0.992245999349705,0.3349714080332834,0.29186728745773616,0.295479640648566,0.2869731315217734,0.7006802721088435,tensor(0.6574),0.16129032258064516,0.0
0.07042253521126761,0.9956460299712546,0.32803995929361845,0.2850352916791192,0.2881734184570297,0.28098609583665385,0.7064846416382252,tensor(0.4686),0.03225806451612903,0.1
0.1527777777777778,0.9948452757955554,0.32542170388294633,0.2877000852735384,0.27781664359827835,0.30005438736761386,0.7006802721088435,tensor(0.7854),0.21875,0.1
0.08108108108108109,0.9966241166291883,0.31707407074172966,0.27563642290530205,0.27412910206789587,0.27714374374270834,0.6949152542372882,tensor(0.7853),0.08108108108108109,0.08108108108108109
0.05714285714285714,0.9936236845094408,0.31539499605424576,0.2820808580676874,0.28421041535887365,0.27907010465600995,0.7006802721088435,tensor(0.6903),0.10344827586206896,0.024390243902439025
0.07142857142857142,0.9969075139531823,0.28215849690569794,0.2947342139692104,0.2844179357604218,0.30931929695404975,0.6949152542372882,tensor(0.4943),0.06896551724137931,0.07317073170731707
0.14705882352941177,0.9976662625991155,0.2862247045130402,0.27719057420657517,0.2740996964989428,0.28134727181339103,0.6949152542372882,tensor(0.5506),0.13793103448275862,0.15384615384615385
0.08333333333333333,0.9950509486189528,0.28289541877901514,0.2581633963287075,0.2585204572511724,0.2577414152385218,0.6778523489932886,tensor(0.7461),0.09090909090909091,0.07692307692307693
0.05714285714285714,0.9945483087989102,0.3123309301621367,0.27611231901476113,0.26483478141057554,0.2895043949197315,0.6835016835016835,tensor(0.5826),0.03125,0.07894736842105263
0.06756756756756757,0.9973977912828105,0.3195959105040521,0.28784225387899603,0.2804669899558195,0.2960604051076781,0.6835016835016835,tensor(0.6016),0.11428571428571428,0.02564102564102564
0.08108108108108109,0.995018684245148,0.3074408806091594,0.2758231260271197,0.28117364574283443,0.2707542126122321,0.6835016835016835,tensor(0.5129),0.07894736842105263,0.08333333333333333
0.08108108108108109,0.9908829749984611,0.31191542693400226,0.29351509976146184,0.28300620123276343,0.30347089836759755,0.6835016835016835,tensor(1.3873),0.07894736842105263,0.08333333333333333
0.013157894736842105,0.9947863445633882,0.310195842657019,0.29886886950034003,0.2993707049076114,0.29817884581534165,0.6778523489932886,tensor(0.5948),0.03125,0.0
0.1095890410958904,0.9912317396685502,0.3339291068671561,0.282597326702857,0.27617816268903567,0.2917981284560008,0.6722408026755853,tensor(0.6510),0.03333333333333333,0.16279069767441862
0.05555555555555555,0.9878741714649413,0.32219401749081306,0.30544743654327666,0.2996380613746917,0.31782393146765303,0.6501650165016502,tensor(0.7916),0.043478260869565216,0.061224489795918366
0.0547945205479452,0.9912998835375046,0.3348599909309229,0.30123844092167357,0.3234237851258394,0.2796527006149178,0.6556291390728477,tensor(0.5288),0.05405405405405406,0.05555555555555555
0.07246376811594203,0.9966748008183864,0.3212204836773485,0.3051733026945493,0.3103158437178261,0.30072569964739077,0.6666666666666666,tensor(0.6011),0.10810810810810811,0.03125
0.0410958904109589,0.9945986372004052,0.32338390994335037,0.31156970086745495,0.3155983819577374,0.3047060219728997,0.6666666666666666,tensor(0.7132),0.0,0.06521739130434782
0.08450704225352113,0.9920122175358497,0.3132097756460224,0.30848054894738125,0.2996672874931463,0.3186291530461971,0.6556291390728477,tensor(0.8902),0.06060606060606061,0.10526315789473684
0.04,0.9932360305040195,0.3346785157717088,0.31628333810791376,0.3156641641121224,0.3172654761702035,0.6722408026755853,tensor(0.8637),0.06896551724137931,0.021739130434782608
0.08,0.9945308730165491,0.3291035912875476,0.2988355652955951,0.2970966242352892,0.30159388559814915,0.6722408026755853,tensor(0.4900),0.06896551724137931,0.08695652173913043
0.08333333333333333,0.9924574559167654,0.33412065597451307,0.30585666226112407,0.3056475214730407,0.3061332678195568,0.639344262295082,tensor(0.4977),0.0967741935483871,0.07317073170731707
0.0958904109589041,0.9945310691878904,0.3422327468507416,0.31324620561179645,0.32216261635430327,0.2980552836060444,0.6556291390728477,tensor(0.6496),0.07407407407407407,0.10869565217391304
0.03896103896103896,0.9927633976676049,0.3511430912406196,0.32355267414399647,0.3089954157770732,0.34635904558550973,0.6611295681063123,tensor(0.8680),0.03333333333333333,0.0425531914893617
0.05555555555555555,0.9906964984070759,0.35417936273605655,0.30910780310499214,0.31223977178578055,0.3054063855731514,0.6611295681063123,tensor(0.8607),0.06060606060606061,0.05128205128205128
0.1111111111111111,0.9917715243890501,0.37563204482134066,0.31602095039530537,0.3221526480629082,0.30580145428263394,0.6666666666666666,tensor(0.5734),0.0,0.17777777777777778
0.09722222222222222,0.9930413748246734,0.3752208192416977,0.30772483445048276,0.29506671743813995,0.3264937665722326,0.6556291390728477,tensor(0.6800),0.10344827586206896,0.09302325581395349
0.1388888888888889,0.9945666555054875,0.34818404130433606,0.3009387972152737,0.2962521018225348,0.3083036042610063,0.639344262295082,tensor(0.9454),0.14285714285714285,0.13636363636363635
0.10666666666666667,0.9956001006423125,0.38820046313308554,0.2999510269546926,0.29625581369258214,0.30491646977565373,0.6501650165016502,tensor(0.7180),0.09375,0.11627906976744186
0.043478260869565216,0.9935625910533223,0.3695001054695863,0.31742656807734987,0.31994265805560634,0.31270889936811924,0.6501650165016502,tensor(0.8020),0.0,0.06666666666666667
0.05194805194805195,0.9922137273731528,0.37636046368977877,0.30816370782634345,0.29078091597426203,0.3403540631079758,0.6501650165016502,tensor(0.6889),0.0,0.08
0.06666666666666667,0.9945558523081504,0.3760524515480365,0.31578025740445986,0.3266877600508082,0.3045779573892915,0.6501650165016502,tensor(0.5216),0.05405405405405406,0.07894736842105263
0.0273972602739726,0.9917284335416524,0.3631815409655064,0.3286290611359429,0.32439795719526443,0.3332228311286797,0.6233766233766234,tensor(0.6747),0.02857142857142857,0.02631578947368421
0.0547945205479452,0.9945730050453696,0.3449040894493337,0.32054661862825135,0.3045750648435697,0.3399060777611986,0.6233766233766234,tensor(0.8048),0.06060606060606061,0.05
0.0547945205479452,0.9948431377257885,0.3478527364407462,0.3238559891010622,0.32532073356337504,0.3216336181927254,0.6286644951140065,tensor(0.7985),0.06896551724137931,0.045454545454545456
0.08,0.9974247944228832,0.36602272438911404,0.32874688973606786,0.3220271019505476,0.3372993469176389,0.6181229773462783,tensor(0.5367),0.09090909090909091,0.07142857142857142
0.06666666666666667,0.9976960233682683,0.3710267299762985,0.3298608405383892,0.3308586882834333,0.32872044311548176,0.6286644951140065,tensor(0.5525),0.05714285714285714,0.075
0.08974358974358974,0.997947008747312,0.3588311655325278,0.2970474115855493,0.30677305077044903,0.28306680525725614,0.6233766233766234,tensor(0.4983),0.0625,0.10869565217391304
0.05333333333333334,0.9961597517024348,0.3847933220624876,0.32132228335888335,0.3197340983856429,0.3231373518997294,0.6447368421052632,tensor(0.6949),0.05714285714285714,0.05
0.038461538461538464,0.9941290953422506,0.37963949748775594,0.32760612660147853,0.3448440880627286,0.2931302036789781,0.6501650165016502,tensor(0.7140),0.038461538461538464,0.038461538461538464
0.05128205128205128,0.9938899205407388,0.40346917746490774,0.322454805412398,0.3411146229516968,0.2970095996769908,0.6447368421052632,tensor(0.5209),0.09090909090909091,0.022222222222222223
0.14666666666666667,0.9934034759955435,0.4173994305617052,0.3221722274149104,0.3346232161901207,0.3034957442520951,0.6447368421052632,tensor(0.7407),0.13333333333333333,0.15555555555555556
0.0821917808219178,0.9934277471171713,0.39016046200117627,0.32755579470457624,0.3155102448772993,0.34482108279033946,0.6447368421052632,tensor(0.5226),0.1,0.06976744186046512
0.10526315789473684,0.9954664831008615,0.38914442310337405,0.28772867313747513,0.2913912578402831,0.2817927599984413,0.6447368421052632,tensor(0.4192),0.13793103448275862,0.0851063829787234
0.1232876712328767,0.9954508070839201,0.3851817126518733,0.2869866069960897,0.2896424681170809,0.2842569719550708,0.6611295681063123,tensor(0.3811),0.1111111111111111,0.13513513513513514
0.10810810810810811,0.9972282215235415,0.3821532231850749,0.2913649866894151,0.3115084172587601,0.2676668330784211,0.6501650165016502,tensor(0.6929),0.11764705882352941,0.1
0.11688311688311688,0.9956780677796138,0.3773837383482659,0.28457038378349614,0.3128040702378682,0.25241535198823883,0.6556291390728477,tensor(0.7907),0.19444444444444445,0.04878048780487805
0.1282051282051282,0.9933606133195185,0.384797642969089,0.27016899139252043,0.2711349895521978,0.2687044135375256,0.6666666666666666,tensor(0.6605),0.0967741935483871,0.14893617021276595
0.0945945945945946,0.9943704328210612,0.3682099348363722,0.27684456433727833,0.2942669560599006,0.25743104213207063,0.6666666666666666,tensor(0.8238),0.11428571428571428,0.07692307692307693
0.1038961038961039,0.9931315720183173,0.37978936857558876,0.2817905530582472,0.28178371373053024,0.281801873324813,0.639344262295082,tensor(0.5572),0.1724137931034483,0.0625
0.14285714285714285,0.9898631023879758,0.37815119121248386,0.26929849035467474,0.29106578601773275,0.23868823082849971,0.6233766233766234,tensor(0.9584),0.25,0.06666666666666667
0.08333333333333333,0.9936955154431306,0.3739545125577145,0.34856130539308766,0.3515537908622578,0.34539782075425074,0.6286644951140065,tensor(0.7929),0.14285714285714285,0.02702702702702703
0.09210526315789473,0.9949848088789152,0.39248070970470506,0.3248109650612155,0.32219184178917065,0.32729577431930923,0.6286644951140065,tensor(0.5961),0.10256410256410256,0.08108108108108109
0.041666666666666664,0.9919640732509609,0.3756107779319442,0.3320673028794418,0.33877968120324536,0.3168118975980699,0.6286644951140065,tensor(0.5150),0.0,0.06
0.09333333333333334,0.9934282695041811,0.40837236367855184,0.3359975958899849,0.34230743404692954,0.32173187483950144,0.6077170418006431,tensor(0.4872),0.08695652173913043,0.09615384615384616
0.05263157894736842,0.9954837458700222,0.36561405352406084,0.3429598816699929,0.3467831747838311,0.33892992406351496,0.6077170418006431,tensor(0.4154),0.02702702702702703,0.07692307692307693
0.02702702702702703,0.998475086815556,0.3653700217232026,0.36061477288033345,0.3561437854786939,0.36717222106940517,0.597444089456869,tensor(0.6038),0.06666666666666667,0.0
0.0684931506849315,0.9974419479471401,0.3493095182014019,0.3355279024342186,0.33483026273135813,0.33664910909952994,0.6181229773462783,tensor(0.8901),0.07142857142857142,0.06666666666666667
0.08108108108108109,0.9933538597663618,0.3786471234282294,0.32312390486856646,0.33682768929826395,0.30609799088015444,0.5923566878980892,tensor(0.7930),0.06060606060606061,0.0975609756097561
0.08108108108108109,0.9938561713412468,0.3611204482136368,0.3308570766500075,0.2982820522389491,0.36524182463945803,0.597444089456869,tensor(0.6852),0.027777777777777776,0.13157894736842105
0.12162162162162163,0.9951453048154366,0.3602110495180932,0.2914982258348241,0.2823699491238001,0.3028394181121568,0.597444089456869,tensor(0.8409),0.15151515151515152,0.0975609756097561
0.10126582278481013,0.9966865380638045,0.3572587973045493,0.317186070015945,0.31785017813322014,0.31626034354944066,0.5873015873015873,tensor(0.3862),0.18181818181818182,0.043478260869565216
0.07894736842105263,0.9966650595440812,0.3648423550954561,0.3248900834233213,0.32671218270418906,0.32224510059625505,0.5822784810126582,tensor(0.6805),0.0967741935483871,0.06666666666666667
0.0641025641025641,0.9890202671964292,0.39093607735401864,0.34106131322587846,0.35145077828966903,0.3261264571966797,0.597444089456869,tensor(0.5231),0.09375,0.043478260869565216
0.013157894736842105,0.9931306557532721,0.3822260560766383,0.32933563853621606,0.34041908966483736,0.3148935658534672,0.5873015873015873,tensor(0.8711),0.030303030303030304,0.0
0.013157894736842105,0.9946540364814532,0.35072819859602794,0.33674204647782935,0.321486902863002,0.3519971900926571,0.5873015873015873,tensor(0.6615),0.0,0.02631578947368421
0.0,0.9974606404402155,0.33904369009533547,0.3382416729556663,0.34046399225015916,0.3337081415949011,0.5923566878980892,tensor(0.4361),0.0,0.0
0.03896103896103896,0.995213401900491,0.3338312981952973,0.3280486893697367,0.31833163213356996,0.34171330110809656,0.597444089456869,tensor(0.7952),0.0,0.06666666666666667
0.03896103896103896,0.9944350291127421,0.3392310414654931,0.3369834169150103,0.3473343112658433,0.32242747173415137,0.597444089456869,tensor(0.7628),0.0625,0.022222222222222223
0.039473684210526314,0.9946944729239048,0.36517312730568696,0.33234816494246877,0.3530486013587051,0.3053748690061612,0.5923566878980892,tensor(0.7673),0.06060606060606061,0.023255813953488372
0.05263157894736842,0.9924022882238085,0.3536233335289783,0.3238008095370515,0.3043663977109285,0.3465668348190814,0.597444089456869,tensor(0.6750),0.05714285714285714,0.04878048780487805
