failToRecourse,acc,jsd,avgRecourseCost,avgNewRecourseCost,avgOriginalRecourseCost,t_rate,model_shift,failToRecourse_old,failToRecourse_new,entropy,avg_score,acc_withoutRecourse,avg_score_on_last_train
0.0,0.0,0.212547970251224,0.0,0.0,0.0,1.2935779816513762,tensor(0.),0.0,0.0,0.572381854057312,0.039841316640377045,0.0,0.0
0.1746987951807229,0.92,0.2066207070900422,0.4502636993695452,0.4724563007515335,0.4280710979875568,0.9841269841269841,tensor(1.5319),0.24096385542168675,0.10843373493975904,0.4341338276863098,-0.39884108304977417,0.53,-0.0700232982635498
0.38596491228070173,0.748,0.1631073934432013,0.20723812653992316,0.26780099769663357,0.13153453759403538,0.5822784810126582,tensor(1.3543),0.618421052631579,0.2,0.37636813521385193,-0.7024596929550171,0.6650347779561263,-0.06082510948181152
0.4925373134328358,0.77,0.13112757303655376,0.09922264455320952,0.12574691211803876,0.07078425458679469,0.5290519877675841,tensor(1.3143),0.5463917525773195,0.4423076923076923,0.3574519455432892,-0.8485293984413147,0.6865330940968671,-0.027073681354522705
0.485,0.7655000000000001,0.15216551241418802,0.11727879713471967,0.1414425707615363,0.08524774837359059,0.49700598802395207,tensor(0.8612),0.6046511627906976,0.39473684210526316,0.36769482493400574,-1.0134315490722656,0.7027996710229687,0.05437725782394409
0.5175879396984925,0.7400000000000001,0.17959722601486955,0.11249058473602251,0.14002341492688944,0.0679308727165931,0.4577259475218659,tensor(1.1358),0.5526315789473685,0.4959349593495935,0.36713340878486633,-1.3841711282730103,0.7102259136419276,0.30147475004196167
0.5172413793103449,0.7293333333333333,0.16719120429168205,0.11293032762245986,0.13557184319479398,0.0808548472283199,0.47058823529411764,tensor(0.9631),0.5595238095238095,0.48739495798319327,0.3731703460216522,-1.6435610055923462,0.702922913723428,0.259455144405365
0.4976303317535545,0.7679999999999999,0.15560886845611355,0.09534571428596787,0.12491116750805466,0.05992876511367634,0.4367816091954023,tensor(1.1359),0.6041666666666666,0.40869565217391307,0.3623984158039093,-1.872467279434204,0.7336561591540677,0.2718379497528076
0.4744897959183674,0.8213333333333335,0.11932048917363143,0.11369553086070662,0.13971545200779062,0.08176199127110349,0.42857142857142855,tensor(0.8731),0.5681818181818182,0.39814814814814814,0.3693893551826477,-2.1313884258270264,0.7635516011199157,0.3873353600502014
0.4716981132075472,0.8473333333333334,0.1602953081431261,0.11994655592436385,0.1661425399638513,0.06917671207898649,0.44508670520231214,tensor(0.7137),0.504950495049505,0.44144144144144143,0.3835592567920685,-2.4165127277374268,0.786547729183753,0.39784833788871765
0.5339805825242718,0.8776666666666666,0.15964750024701455,0.14343064188274765,0.18399354020649147,0.08903948276681839,0.4124293785310734,tensor(0.5700),0.625,0.4661016949152542,0.39994803071022034,-2.64762020111084,0.8094793939033958,0.31194767355918884
0.4694835680751174,0.9023333333333333,0.13351259548628913,0.14720040751634353,0.183099035798126,0.09097364032800953,0.3812154696132597,tensor(0.4246),0.5903614457831325,0.3923076923076923,0.4131373465061188,-2.794484853744507,0.8311693423753151,0.2130991518497467
0.5523809523809524,0.9233333333333332,0.14254318146205536,0.1784422731541203,0.23387102779845295,0.09529914118762128,0.3698630136986301,tensor(0.4690),0.6428571428571429,0.49206349206349204,0.41255223751068115,-2.925431251525879,0.8335617926643484,0.2574746906757355
0.5209302325581395,0.9343333333333331,0.18436351480376773,0.19863561423200957,0.2733849147618478,0.0967794244990431,0.39275766016713093,tensor(0.6321),0.5274725274725275,0.5161290322580645,0.4129933714866638,-3.0441293716430664,0.823035091851539,0.24446895718574524
0.5213270142180095,0.9259999999999999,0.19718017745900168,0.1992152987365827,0.2630974471157149,0.10263157440146604,0.42450142450142453,tensor(0.5967),0.6309523809523809,0.44881889763779526,0.397690087556839,-3.1541192531585693,0.8175266744777252,0.1561867818236351
0.4925373134328358,0.9410000000000001,0.15979750783165989,0.19515731417282736,0.25009781476018744,0.11704913261489393,0.4164305949008499,tensor(0.4927),0.5662650602409639,0.4406779661016949,0.41896703839302063,-3.3359665870666504,0.8374010858662947,0.17861169576644897
0.4955357142857143,0.9559999999999998,0.1528239513884379,0.23030349895370553,0.2997192139622162,0.1426573941449798,0.4164305949008499,tensor(0.4515),0.6060606060606061,0.408,0.414520800113678,-3.4494199752807617,0.8362908634598528,0.10241326317191124
0.5117370892018779,0.955,0.17235654964834107,0.2037593035942066,0.286601046137111,0.11189519305157984,0.42450142450142453,tensor(0.5343),0.6039603960396039,0.42857142857142855,0.3986881375312805,-3.543894052505493,0.8312608919821733,0.15495295822620392
0.5317073170731708,0.964,0.16711588199976182,0.263468207320195,0.33473766493913554,0.15656402089178403,0.4084507042253521,tensor(0.3811),0.5487804878048781,0.5203252032520326,0.4038480818271637,-3.7040555477142334,0.8281679400107036,0.3251390866935253
0.4703196347031963,0.97,0.17337231318243432,0.2645244737981075,0.3490427926394411,0.14107074964784497,0.4005602240896359,tensor(0.3149),0.48314606741573035,0.46153846153846156,0.40700748562812805,-3.7828617095947266,0.8294501848868379,0.25086798518896103
0.45933014354066987,0.9733333333333333,0.13222135100027735,0.3099903573313964,0.37558871432638247,0.21040730936310437,0.39275766016713093,tensor(0.3770),0.5903614457831325,0.373015873015873,0.4089912176132202,-3.7863690853118896,0.8330519925172073,0.06869983673095703
0.5186915887850467,0.9766666666666666,0.1560447788943626,0.30755856740868587,0.40520843226500386,0.18050874324078828,0.39275766016713093,tensor(0.3141),0.6021505376344086,0.45454545454545453,0.4083753824234009,-3.798708438873291,0.8161131350749424,0.07694221287965775
0.5490196078431373,0.9706666666666666,0.13905216596226383,0.3548244555528885,0.46380623736054116,0.21678086526319504,0.3888888888888889,tensor(0.3805),0.5888888888888889,0.5175438596491229,0.4165969491004944,-3.8942792415618896,0.810781907119311,0.2643452435731888
0.49528301886792453,0.9669999999999999,0.14683641606034983,0.3730725789553382,0.46328756077415817,0.24595146821063735,0.3850415512465374,tensor(0.5467),0.5568181818181818,0.45161290322580644,0.40606820583343506,-3.9000730514526367,0.8048567844284101,0.04220074415206909
0.48826291079812206,0.9663333333333333,0.18616397606993393,0.372099386869294,0.4543011375383512,0.23543897638198627,0.3774104683195592,tensor(0.4088),0.5625,0.44360902255639095,0.4174347221851349,-3.9984068870544434,0.8114252384820496,0.2088872417807579
0.5215311004784688,0.9749999999999999,0.13589543413044963,0.3608595342931424,0.4663496567226335,0.20998412663235833,0.36239782016348776,tensor(0.5386),0.6511627906976745,0.43089430894308944,0.41231951117515564,-4.054510593414307,0.8170023057388256,0.15395742654800415
0.5,0.971,0.10945503845396665,0.3584410507565163,0.46464740876433297,0.19337333770822301,0.34048257372654156,tensor(0.7092),0.6265060240963856,0.4186046511627907,0.4107390344142914,-4.0592851638793945,0.8104531326601615,0.051004841923713684
0.4792626728110599,0.9716666666666666,0.10338004263458571,0.3310117755659392,0.4015598504644655,0.2171148835610893,0.3333333333333333,tensor(0.3589),0.5783132530120482,0.417910447761194,0.4121241569519043,-4.11825704574585,0.816070666477509,0.055167198181152344
0.502283105022831,0.9703333333333333,0.10069348344366102,0.36488253035553136,0.443284159679795,0.21125771613906874,0.34048257372654156,tensor(0.5775),0.5405405405405406,0.4827586206896552,0.41839542984962463,-4.174433708190918,0.8224040346433897,0.029593124985694885
0.5275229357798165,0.9686666666666667,0.11962787032289632,0.36521335144386374,0.4846479679807818,0.18537502079632065,0.33689839572192515,tensor(0.2934),0.5747126436781609,0.4961832061068702,0.4301936626434326,-4.290225505828857,0.809515667272383,0.11987528204917908
0.46543778801843316,0.9643333333333333,0.11831079580474467,0.3479289828938993,0.398577229291795,0.2611938609375027,0.3123359580052493,tensor(0.3367),0.6125,0.3795620437956204,0.45054399967193604,-4.39302921295166,0.8160410293884888,0.2393278181552887
0.5022026431718062,0.9663333333333333,0.15457572353928853,0.3610165720882901,0.47083298410116525,0.19987292402591902,0.3157894736842105,tensor(0.4037),0.6195652173913043,0.4222222222222222,0.4293231964111328,-4.3915910720825195,0.8144223861425437,0.06441837549209595
0.5067873303167421,0.9626666666666666,0.1381840518413749,0.4056319891347417,0.4725365707574396,0.2943930461957977,0.2987012987012987,tensor(0.3723),0.6024096385542169,0.4492753623188406,0.4403259754180908,-4.417546272277832,0.8150569419166355,0.09223619103431702
0.43612334801762115,0.9693333333333332,0.1194837767772271,0.3905388482847246,0.4868426595153786,0.2517785181244274,0.2987012987012987,tensor(0.5284),0.5483870967741935,0.3582089552238806,0.41632533073425293,-4.446582794189453,0.8255442373447026,0.02868548035621643
0.5201793721973094,0.9633333333333334,0.11296213606056031,0.41088587932090476,0.5093294203069738,0.27327662848016304,0.26262626262626265,tensor(0.5084),0.6451612903225806,0.4307692307692308,0.4283629059791565,-4.490012168884277,0.8298175318345631,0.0823327898979187
0.5114155251141552,0.9656666666666667,0.12209203853491328,0.39889536224839134,0.491170009175603,0.25619154781444736,0.26262626262626265,tensor(0.3923),0.627906976744186,0.43609022556390975,0.42636823654174805,-4.463881492614746,0.8434864588225314,0.09138399362564087
0.45217391304347826,0.9736666666666665,0.14266348886084684,0.38504227228975235,0.45144200711742777,0.2651988484544361,0.28865979381443296,tensor(0.2911),0.573170731707317,0.38513513513513514,0.4250909388065338,-4.483486652374268,0.8387846826202277,0.07643777132034302
0.4888888888888889,0.9773333333333333,0.12490758714823774,0.36553172013138324,0.43154600566981566,0.2588342121099635,0.29198966408268734,tensor(0.3433),0.5930232558139535,0.4244604316546763,0.43534326553344727,-4.476288318634033,0.8580457247852851,-0.026969313621520996
0.47577092511013214,0.9763333333333332,0.1359017437515353,0.3911586579674869,0.46495341530073575,0.28862278462023616,0.28865979381443296,tensor(0.3575),0.6105263157894737,0.3787878787878788,0.4361899793148041,-4.5100178718566895,0.8732061677824949,0.019628971815109253
0.5067873303167421,0.9666666666666666,0.1408292692762353,0.39558525059145166,0.4900740307365953,0.2188789604498843,0.27877237851662406,tensor(0.2550),0.7272727272727273,0.3888888888888889,0.4369514584541321,-4.551146030426025,0.8437439212167032,0.09923887252807617
0.4692982456140351,0.9693333333333333,0.16356900911180655,0.38699942185462066,0.4969468314776606,0.20545835015146183,0.31926121372031663,tensor(0.4115),0.5697674418604651,0.4084507042253521,0.4038860499858856,-4.493375301361084,0.851757639791749,-0.0991373062133789
0.5071090047393365,0.9769999999999999,0.1425389502914573,0.4279692719483544,0.5215154226049659,0.2946391261849081,0.3020833333333333,tensor(0.2507),0.5977011494252874,0.4435483870967742,0.4171150326728821,-4.532090187072754,0.8498247348900921,0.035460859537124634
0.48878923766816146,0.9783333333333333,0.10664692583673792,0.41528694903634306,0.4639786822440711,0.3405894037744873,0.2853470437017995,tensor(0.2852),0.5795454545454546,0.42962962962962964,0.4569963216781616,-4.598711013793945,0.8406981666731748,0.07855124026536942
0.4826086956521739,0.9846666666666666,0.10568862239775995,0.35641919046321807,0.46459800534570006,0.18503477587411726,0.28205128205128205,tensor(0.1829),0.5617977528089888,0.4326241134751773,0.4385909140110016,-4.571657180786133,0.8512647404747388,-0.037330031394958496
0.5159817351598174,0.9876666666666666,0.12290433832696256,0.40292018907500404,0.5106156129568665,0.25425368002069376,0.29533678756476683,tensor(0.2294),0.6521739130434783,0.41732283464566927,0.421712726354599,-4.552044868469238,0.8524544814464431,-0.03494805097579956
0.5607476635514018,0.9736666666666665,0.13156450964618538,0.388043432385339,0.4774206914257123,0.21895132068733503,0.29533678756476683,tensor(0.4187),0.7297297297297297,0.4714285714285714,0.431021511554718,-4.557988166809082,0.857425491174612,0.0923321545124054
0.5263157894736842,0.9713333333333334,0.13700430972654548,0.3787328567860984,0.47554144084473965,0.2382042670235547,0.27877237851662406,tensor(0.2133),0.6989247311827957,0.4074074074074074,0.4228968918323517,-4.595766544342041,0.8588504717675606,0.11863970756530762
0.4703196347031963,0.9806666666666667,0.1309973106610494,0.4194876387698465,0.48381438727247117,0.3120149004179005,0.28205128205128205,tensor(0.3268),0.5487804878048781,0.4233576642335766,0.43022099137306213,-4.642052173614502,0.8525988674327156,0.11243230104446411
0.4863636363636364,0.9826666666666666,0.1255430927810593,0.3901642490957533,0.4621015710288042,0.2900775403193348,0.26903553299492383,tensor(0.2733),0.5434782608695652,0.4453125,0.4342483878135681,-4.691807746887207,0.8531909568437773,0.05264219641685486
0.4801762114537445,0.9763333333333332,0.12422273596818567,0.3802106178003675,0.514222034479963,0.16456006222400657,0.26903553299492383,tensor(0.3645),0.5517241379310345,0.4357142857142857,0.4377165138721466,-4.747941493988037,0.853657917506821,0.04806315898895264
0.4657534246575342,0.9596666666666666,0.12508911297057607,0.4341591769716418,0.5246660482437834,0.2638633533937964,0.24688279301745636,tensor(0.3915),0.6052631578947368,0.3916083916083916,0.4306672513484955,-4.850569725036621,0.8225422159239624,0.0659448504447937
0.46255506607929514,0.9586666666666666,0.13346672074821223,0.46368359206672055,0.5902943956935879,0.2744630503826113,0.2285012285012285,tensor(0.3350),0.5494505494505495,0.40441176470588236,0.4301634728908539,-4.94707727432251,0.8068696000079579,0.05440258979797363
0.4611872146118721,0.9623333333333333,0.12080408146796322,0.4385184769408465,0.5558452899170087,0.27348735539195923,0.2285012285012285,tensor(0.3382),0.5494505494505495,0.3984375,0.40412572026252747,-4.983755111694336,0.8224999365322581,-0.02068305015563965
0.5114155251141552,0.9643333333333332,0.1371993522863057,0.45107023828449805,0.5521882643565367,0.3033697507635425,0.2376237623762376,tensor(0.1768),0.5393258426966292,0.49230769230769234,0.4133393168449402,-4.976645469665527,0.832440594359199,0.0161135196685791
0.45021645021645024,0.9643333333333332,0.1305086116644775,0.4626798476907028,0.5674974824238554,0.30714400260279906,0.2755102040816326,tensor(0.4613),0.5376344086021505,0.391304347826087,0.41001731157302856,-4.985654830932617,0.8340910494980261,-0.01856517791748047
0.4885844748858447,0.9683333333333333,0.12645022206809622,0.44591328303297584,0.534556178760758,0.31643489601486685,0.2755102040816326,tensor(0.4326),0.550561797752809,0.4461538461538462,0.41761183738708496,-4.981008529663086,0.8324682109826156,-0.03262239694595337
0.4660633484162896,0.9769999999999999,0.09563351818661212,0.45611146753302656,0.540230069650003,0.29562202928353243,0.26582278481012656,tensor(0.3774),0.6052631578947368,0.3931034482758621,0.42159581184387207,-4.957122325897217,0.8416402807239323,0.0134505033493042
0.5022222222222222,0.9783333333333333,0.06907610149972379,0.4145115676237632,0.5333713489654557,0.22946849894408305,0.24069478908188585,tensor(0.4040),0.5454545454545454,0.4744525547445255,0.4336388409137726,-5.018003940582275,0.8467931552096829,0.15574806928634644
0.4366812227074236,0.9723333333333333,0.08930441723488834,0.41097823183612725,0.5151007225872979,0.2641107185660552,0.2345679012345679,tensor(0.4329),0.47368421052631576,0.41044776119402987,0.4134661555290222,-5.0252509117126465,0.8468881432438005,-0.028519749641418457
0.44155844155844154,0.9636666666666666,0.11213209004284695,0.36088662792689213,0.44517176088694116,0.2380455298893741,0.24378109452736318,tensor(0.4633),0.574468085106383,0.35036496350364965,0.41150426864624023,-4.993364334106445,0.8534128351057648,-0.11778825521469116
0.5,0.9583333333333333,0.0958835542728239,0.3680248013413903,0.4487920033136709,0.24336238090591364,0.272264631043257,tensor(0.5950),0.5652173913043478,0.45774647887323944,0.4173208475112915,-5.002023696899414,0.8366282984892185,0.012156307697296143
0.46255506607929514,0.9639999999999997,0.06054852730608996,0.3744600882207665,0.4464203943091803,0.25647865614557597,0.26262626262626265,tensor(0.4259),0.5116279069767442,0.4326241134751773,0.41427847743034363,-5.038760185241699,0.847683747058742,0.04526489973068237
0.4930875576036866,0.9733333333333332,0.0882541073569538,0.3824613371295784,0.44850113932122687,0.26238896950839935,0.2562814070351759,tensor(0.4461),0.5584415584415584,0.45714285714285713,0.42689889669418335,-5.035008907318115,0.8611438236892466,0.05929332971572876
0.484304932735426,0.9749999999999999,0.10546114511016183,0.3421002058768031,0.4104095680200494,0.21511485317461493,0.22549019607843138,tensor(0.2951),0.5769230769230769,0.43448275862068964,0.4316028654575348,-5.095306873321533,0.8816234189170005,0.050523459911346436
0.4553191489361702,0.9713333333333332,0.08891833248213842,0.3482458367088691,0.4026577735932307,0.2485998800049781,0.20772946859903382,tensor(0.2805),0.5421686746987951,0.40789473684210525,0.4242125153541565,-5.111330032348633,0.8769359585403282,-0.02500927448272705
0.4700854700854701,0.9643333333333333,0.10800944157105055,0.36003177029994055,0.4235805443539239,0.25459857698310473,0.19617224880382775,tensor(0.5462),0.5681818181818182,0.410958904109589,0.4181723892688751,-5.180445671081543,0.8502068152714974,0.008101105690002441
0.4248927038626609,0.9716666666666666,0.1382114682403243,0.31393978490563296,0.4058329337035658,0.16252493745449328,0.20192307692307693,tensor(0.3404),0.5340909090909091,0.3586206896551724,0.41864776611328125,-5.225132465362549,0.862818672011981,0.009163618087768555
0.4700854700854701,0.978,0.19807124191135791,0.3627154008268879,0.4712347828022275,0.1538155905243597,0.2315270935960591,tensor(0.3895),0.4875,0.461038961038961,0.4197466969490051,-5.2012786865234375,0.8517614388928305,0.007028162479400635
0.4188034188034188,0.9533333333333331,0.17539760864043602,0.38056817393911846,0.46002082851361104,0.2412923441555963,0.26582278481012656,tensor(0.5480),0.5294117647058824,0.35570469798657717,0.3960235118865967,-5.156506061553955,0.8231621450230809,-0.048645079135894775
0.47555555555555556,0.9623333333333333,0.13388952420515787,0.3694567372339998,0.4400961682117278,0.2531094391530359,0.2562814070351759,tensor(0.3045),0.6,0.4,0.40971919894218445,-5.134219646453857,0.8372942509610869,0.0035628676414489746
0.4890829694323144,0.957,0.1316295997844156,0.4052636890139238,0.46689530785798344,0.3046695525098267,0.272264631043257,tensor(0.4745),0.6206896551724138,0.4084507042253521,0.41992753744125366,-5.117058277130127,0.841954424206119,0.056306302547454834
0.4732142857142857,0.9653333333333332,0.1539794555112496,0.3631806710527089,0.41843912557015367,0.27281684543006407,0.26903553299492383,tensor(0.4378),0.5764705882352941,0.41007194244604317,0.4203518331050873,-5.082165241241455,0.8462095241403216,0.06669533252716064
0.462882096069869,0.9719999999999999,0.10457281576996035,0.35295921929533774,0.43495422701506475,0.23085795779965737,0.26903553299492383,tensor(0.3691),0.5108695652173914,0.4306569343065693,0.4124012887477875,-5.026301383972168,0.8510125716291221,-0.06108510494232178
0.4955357142857143,0.9679999999999997,0.13251066243681447,0.36847865908710714,0.45917885931220737,0.23343613875195793,0.2594458438287154,tensor(0.5539),0.5555555555555556,0.4552238805970149,0.42485448718070984,-4.9798479080200195,0.8420943255508078,0.03840094804763794
0.4185022026431718,0.9669999999999999,0.1300135455690189,0.3217888983985137,0.38707142647911963,0.2063502816706129,0.26262626262626265,tensor(0.3288),0.5975609756097561,0.31724137931034485,0.41435450315475464,-4.929506301879883,0.8327841595878769,-0.0013062357902526855
0.5520361990950227,0.9593333333333333,0.09808016870182037,0.3663032214363925,0.44063781722662587,0.26587243776235353,0.2594458438287154,tensor(0.4023),0.648936170212766,0.48031496062992124,0.42930302023887634,-4.990103721618652,0.8258256529927578,0.14296740293502808
0.4658119658119658,0.9596666666666667,0.11438332696950006,0.38889234480943313,0.4719470195315247,0.2673702417950049,0.26582278481012656,tensor(0.6947),0.5684210526315789,0.39568345323741005,0.4269205629825592,-5.006705284118652,0.8347467998042755,0.04378896951675415
0.4177777777777778,0.9696666666666665,0.1045077741185221,0.392536033387945,0.4830393711349161,0.24347171239293397,0.25,tensor(0.5302),0.4470588235294118,0.4,0.4164176285266876,-5.064581871032715,0.8402561951029246,0.03364241123199463
0.4780701754385965,0.9763333333333332,0.1236420632179732,0.3558774394462924,0.4352774742580168,0.23850347494200472,0.24069478908188585,tensor(0.3146),0.6413043478260869,0.36764705882352944,0.4202001988887787,-5.104032516479492,0.842634947498794,0.012947440147399902
0.5113122171945701,0.976,0.1065153638177291,0.37259117068072256,0.4512927256044284,0.23918243733444092,0.24069478908188585,tensor(0.2524),0.5853658536585366,0.4676258992805755,0.4320475161075592,-5.086180686950684,0.8465563792403659,0.046768903732299805
0.4576271186440678,0.9786666666666666,0.147287033961614,0.344550133161526,0.41597456863272414,0.24219965346568517,0.2562814070351759,tensor(0.2307),0.5567010309278351,0.38848920863309355,0.43603381514549255,-5.0536980628967285,0.8621590434166136,0.014746010303497314
0.4434782608695652,0.9746666666666665,0.16252527399125843,0.3480745106442958,0.4402929124593915,0.2193529914440581,0.27877237851662406,tensor(0.5269),0.5729166666666666,0.35074626865671643,0.4098576009273529,-4.964379787445068,0.8610023662835886,-0.07685738801956177
0.4557522123893805,0.9606666666666666,0.12478716505345303,0.364308435651043,0.4698595140672751,0.1987851535892242,0.30548302872062666,tensor(0.5258),0.5340909090909091,0.4057971014492754,0.39763253927230835,-4.905301570892334,0.8386712286984133,-0.12823504209518433
0.5067264573991032,0.9646666666666666,0.1542751737351169,0.3283918695461576,0.40959960678943147,0.18323303922380596,0.30548302872062666,tensor(0.2443),0.5875,0.46153846153846156,0.40465232729911804,-4.916244029998779,0.8440726218238266,0.024106502532958984
0.5045454545454545,0.9636666666666664,0.11751325932075009,0.35664828197280285,0.4489180343438004,0.1852901704266648,0.2987012987012987,tensor(0.6673),0.5974025974025974,0.45454545454545453,0.4308964014053345,-4.974586486816406,0.847640114503493,0.15119385719299316
0.5,0.9616666666666667,0.14393524227749266,0.3746001114184471,0.48125419192803665,0.22436694424902554,0.29533678756476683,tensor(0.4020),0.6129032258064516,0.4198473282442748,0.423254132270813,-5.018370628356934,0.8392396873050928,0.11453142762184143
0.4838709677419355,0.9653333333333332,0.11381087778413965,0.3812594332324289,0.4843187688470872,0.23583125964285576,0.2755102040816326,tensor(0.7030),0.6,0.4015748031496063,0.4056904911994934,-4.995634078979492,0.8488966837862121,-0.011756747961044312
0.4520547945205479,0.966,0.1077213710732425,0.354085929705034,0.4311061180281368,0.23030348418576155,0.26582278481012656,tensor(0.6255),0.5476190476190477,0.3925925925925926,0.4117456376552582,-5.113513946533203,0.8464512441727244,0.12152230739593506
0.4847161572052402,0.9606666666666664,0.10392539337395383,0.3627250431524765,0.4568776393452482,0.20905069074588364,0.2531328320802005,tensor(0.3345),0.5517241379310345,0.44366197183098594,0.42285722494125366,-5.173830032348633,0.8432274883530048,0.17813313007354736
0.47345132743362833,0.9639999999999997,0.12082888477947305,0.3891354755397954,0.4881238706398612,0.21530219633967948,0.24069478908188585,tensor(0.3996),0.5121951219512195,0.4513888888888889,0.4294210374355316,-5.154333114624023,0.8411241972128859,0.024615824222564697
0.4525862068965517,0.9686666666666666,0.12080472283819509,0.34687656510617315,0.42943336601198834,0.21895888458177767,0.24688279301745636,tensor(0.3227),0.6043956043956044,0.3546099290780142,0.41211193799972534,-5.097233295440674,0.8499974273082526,-0.03983944654464722
0.4608695652173913,0.9746666666666666,0.1246364106149376,0.3973615074081338,0.46208702009534103,0.29667737656136695,0.24378109452736318,tensor(0.2694),0.4888888888888889,0.44285714285714284,0.41915589570999146,-5.067282199859619,0.8645389405194184,-0.0031186342239379883
0.5491071428571429,0.972,0.13715516608992653,0.41370745212896776,0.5270273108016652,0.23857676145298115,0.2594458438287154,tensor(0.4387),0.625,0.5,0.4183058440685272,-5.05179500579834,0.8508073309426314,-0.021701514720916748
0.4774774774774775,0.9716666666666666,0.13413627496123035,0.4229151031683463,0.5261840885862363,0.26859178788093774,0.26903553299492383,tensor(0.7373),0.5730337078651685,0.41353383458646614,0.4037923812866211,-4.9958600997924805,0.8475369315523756,-0.012490153312683105
0.47345132743362833,0.9746666666666666,0.09772515646524532,0.3656173531882742,0.4258918528326504,0.27109597874595726,0.2594458438287154,tensor(0.3793),0.5795454545454546,0.4057971014492754,0.4293983578681946,-5.007984161376953,0.8610887079559492,0.08657693862915039
0.4908256880733945,0.972,0.08269784232931789,0.3484131450802775,0.42837242316719226,0.2157977570336871,0.26262626262626265,tensor(0.5803),0.5365853658536586,0.4632352941176471,0.43596574664115906,-5.0745344161987305,0.8669590669610803,0.08287429809570312
0.47435897435897434,0.9749999999999999,0.08800249015557926,0.38297516225651784,0.4734982957256404,0.2327890544554735,0.2531328320802005,tensor(0.3760),0.6136363636363636,0.3904109589041096,0.43070051074028015,-5.069775104522705,0.8761205514056056,-0.026791274547576904
0.4703389830508475,0.9669999999999999,0.1052521263901847,0.35874205281601834,0.4536800728874527,0.20473148692235832,0.22549019607843138,tensor(0.4884),0.5,0.4520547945205479,0.417429119348526,-5.083235263824463,0.8644629294774149,-0.010134220123291016
0.4340425531914894,0.9703333333333333,0.12598428194374642,0.37029376280159154,0.4516945314120897,0.21841184088200355,0.2376237623762376,tensor(0.2558),0.5487804878048781,0.37254901960784315,0.41843611001968384,-5.0857744216918945,0.8663276223548881,-0.00516057014465332
0.47639484978540775,0.9766666666666666,0.1664372551385815,0.3905695815013785,0.5060317423064895,0.19680549555257182,0.24378109452736318,tensor(0.4686),0.5402298850574713,0.4383561643835616,0.4260963201522827,-5.058068752288818,0.8618321465422143,0.05461615324020386
0.5,0.9799999999999999,0.14586628063996457,0.37958489070786017,0.46817307167878053,0.22318847245055612,0.2594458438287154,tensor(0.3649),0.5925925925925926,0.44755244755244755,0.4198499917984009,-5.0272722244262695,0.8598174212074124,-0.04399240016937256
