failToRecourse,acc,jsd,avgRecourseCost,avgNewRecourseCost,avgOriginalRecourseCost,t_rate,model_shift,failToRecourse_old,failToRecourse_new,entropy,avg_score,acc_withoutRecourse,avg_score_on_last_train,balanced_acc,cohen_acc
0.0,0.0,0.12740252210648656,0.0,0.0,0.0,1.1008403361344539,tensor(0.),0.0,0.0,0.622930645942688,0.06661786139011383,0.0,0.0,0.0,0.0
0.0,0.788,0.13041911077876936,0.11380585847895272,0.12193755731993931,0.10577455098168205,0.45348837209302323,tensor(1.8941),0.0,0.0,0.4504365622997284,-0.5376415848731995,0.4857142857142857,0.11239853501319885,0.7977099236641221,0.583516690765072
0.4072398190045249,0.88,0.11748864570199993,0.0574496355569878,0.05996811274635182,0.053983344371626614,0.42450142450142453,tensor(1.0967),0.3978494623655914,0.4140625,0.44800254702568054,-0.9488288760185242,0.7280983302411874,0.33417557924985886,0.8809576238011353,0.7617916563154351
0.22535211267605634,0.9126666666666666,0.10231579670707745,0.08593855084605616,0.08517581354069362,0.08700124102431411,0.4124293785310734,tensor(1.0017),0.16853932584269662,0.2661290322580645,0.4311509132385254,-1.2876559495925903,0.782705543785174,0.23792222142219543,0.9105757839769144,0.8245422401098419
0.25116279069767444,0.9225000000000001,0.1233288362687183,0.09980179769941995,0.10853178437146119,0.08720283966136039,0.39664804469273746,tensor(0.9623),0.20454545454545456,0.28346456692913385,0.411040723323822,-1.636139154434204,0.8037320186377055,0.3330875337123871,0.9164666638749631,0.8407352597448742
0.2132701421800948,0.9308,0.13796021003063286,0.08147376838537776,0.0904776269705914,0.06960054827300807,0.3888888888888889,tensor(0.6589),0.1978021978021978,0.225,0.40326806902885437,-2.005661725997925,0.8411100370397383,0.3771154582500458,0.9231685885586262,0.8553423038174434
0.21171171171171171,0.9389999999999998,0.12819492200512164,0.11710271101529543,0.13030988090647058,0.09773219517490518,0.3774104683195592,tensor(0.6854),0.13333333333333333,0.26515151515151514,0.3925895094871521,-2.3408353328704834,0.8570672014924982,0.3405719995498657,0.9295281269234269,0.8711930817927191
0.22477064220183487,0.9766666666666666,0.13717496918884908,0.11696222587899595,0.15183825471458667,0.06444774567827893,0.3774104683195592,tensor(0.6225),0.14942528735632185,0.2748091603053435,0.40061816573143005,-2.657278537750244,0.9156216325283802,0.36590649373829365,0.9644228887463826,0.9428802940838024
0.19282511210762332,0.9723333333333333,0.13454113097658024,0.14191733111048174,0.19491960810566858,0.07050373684328265,0.35501355013550134,tensor(0.8383),0.10526315789473684,0.2578125,0.3975749909877777,-2.9164342880249023,0.9125742407311386,0.3303467705845833,0.9549531459511444,0.9306397548492417
0.24434389140271492,0.9716666666666665,0.11778274940226342,0.18568868720377393,0.24858060029385826,0.08882068313398862,0.3698630136986301,tensor(0.8267),0.08045977011494253,0.35074626865671643,0.3775492310523987,-3.1296215057373047,0.9286258318140741,0.2360686380416155,0.9610098613332125,0.9290544435366843
0.2922374429223744,0.957333333333333,0.16689861133877662,0.16484353359752377,0.21621401977513707,0.09524481038914454,0.366120218579235,tensor(0.6540),0.16129032258064516,0.3888888888888889,0.3672805428504944,-3.373410224914551,0.9263381351396506,0.30619824677705765,0.943325468695245,0.8922187229547736
0.3055555555555556,0.9606666666666666,0.1667507277860136,0.21294663186155757,0.2653866621050412,0.12379858044763528,0.35501355013550134,tensor(0.5948),0.1625,0.3897058823529412,0.39191141724586487,-3.642643690109253,0.9300244425472362,0.3269667364656925,0.9451417512938309,0.8996230228947263
0.26605504587155965,0.963,0.1991069901539856,0.18132242944730814,0.21320064697263294,0.13239307231541422,0.37362637362637363,tensor(0.8295),0.1744186046511628,0.32575757575757575,0.36884909868240356,-3.8956210613250732,0.9083694969553496,0.24160855636000633,0.9552546634192289,0.9062919619153141
0.33181818181818185,0.9673333333333332,0.18956478070582372,0.24347079733260926,0.3249172914380057,0.12358887904264353,0.366120218579235,tensor(0.9257),0.19101123595505617,0.42748091603053434,0.3569153845310211,-4.098235130310059,0.8977131059167265,0.3367317020893097,0.9584606622161942,0.9167547181947363
0.32751091703056767,0.9683333333333333,0.18254116336599696,0.25799028709534183,0.33613947208930306,0.14775880510385975,0.366120218579235,tensor(0.6574),0.23157894736842105,0.39552238805970147,0.3803752064704895,-4.3637614250183105,0.8955525009077219,0.3310251384973526,0.9601188355540352,0.9191172795418956
0.3116279069767442,0.9713333333333333,0.19177141444002224,0.30857026371268803,0.3940671009579941,0.15220104822456243,0.3477088948787062,tensor(0.8164),0.18421052631578946,0.381294964028777,0.390360027551651,-4.59621524810791,0.9114931442528477,0.4032814720412716,0.9575911597808071,0.9260650878175437
0.2222222222222222,0.9746666666666667,0.17772489101680508,0.24258889909167916,0.3192035836563845,0.14148910915062488,0.33689839572192515,tensor(0.5279),0.10309278350515463,0.3125,0.3954668343067169,-4.7348551750183105,0.9189151346092287,0.3022604137659073,0.9593147708042353,0.9340868839515964
0.15246636771300448,0.9746666666666665,0.17281681189248652,0.2746707793067877,0.34480084093015706,0.16081256161237628,0.32275132275132273,tensor(0.6082),0.047058823529411764,0.21739130434782608,0.3953116834163666,-4.837236404418945,0.9193900496864722,0.1562536358833313,0.9558987878360565,0.9333207802100562
0.16818181818181818,0.9756666666666667,0.1688427645617138,0.32873887470555974,0.40194308783972116,0.22688953469281326,0.32275132275132273,tensor(0.5785),0.10869565217391304,0.2109375,0.40172842144966125,-4.954292297363281,0.90281555017063,0.25927841663360596,0.9588685711219673,0.9357846259541289
0.20361990950226244,0.9756666666666666,0.17396939901527808,0.2902879897371674,0.36530047032213353,0.1870450057062464,0.3089005235602094,tensor(0.7038),0.10752688172043011,0.2734375,0.395035058259964,-5.042276382446289,0.9079910801219663,0.2175905406475067,0.9560735576379696,0.934747193342502
0.2077922077922078,0.9816666666666666,0.20866456293902655,0.2716047013141774,0.33333888948059837,0.16751798870800244,0.3089005235602094,tensor(0.6165),0.13953488372093023,0.2482758620689655,0.3859749138355255,-5.121494293212891,0.9159254084136323,0.23209893703460693,0.9668733836445488,0.9506410646657196
0.1643835616438356,0.9776666666666666,0.20541130534140803,0.29442056398271527,0.3330523977501077,0.22860336571234338,0.2987012987012987,tensor(0.8081),0.1111111111111111,0.1956521739130435,0.3733685314655304,-5.163251876831055,0.9171900426368578,0.11545580625534058,0.9600048774584815,0.9386560260944989
0.22123893805309736,0.975,0.18623693868326738,0.2956757135371139,0.32981187986411103,0.23904983762997786,0.27877237851662406,tensor(0.6692),0.2,0.23404255319148937,0.38782456517219543,-5.223092079162598,0.9252393335821307,0.16116398572921753,0.9503426123714402,0.929578051475942
0.20434782608695654,0.9713333333333332,0.18914414574040658,0.3395041846334535,0.4350456469643211,0.20127398381432576,0.26903553299492383,tensor(0.5467),0.10638297872340426,0.27205882352941174,0.3802499771118164,-5.301407337188721,0.9224237749329602,0.22875326871871948,0.9440925413585681,0.9178824487595472
0.1091703056768559,0.9686666666666666,0.18518736855605197,0.33281511128844343,0.3854729409038325,0.24360655288119604,0.26582278481012656,tensor(0.8324),0.09411764705882353,0.11805555555555555,0.38908764719963074,-5.358808994293213,0.9172826640205978,0.131946861743927,0.9420239218484558,0.9093332085321377
0.21238938053097345,0.9803333333333333,0.19247043502041666,0.3149338250985467,0.36560873137676175,0.23692863228826075,0.2755102040816326,tensor(0.9244),0.14606741573033707,0.25547445255474455,0.3836318850517273,-5.423026084899902,0.8849290309083437,0.14971208572387695,0.9666827072488824,0.943214798822368
0.31004366812227074,0.9823333333333332,0.18767051542467478,0.3364649248140813,0.3924044959602986,0.23990256985930156,0.26582278481012656,tensor(0.5861),0.25,0.3448275862068966,0.3916670083999634,-5.5349202156066895,0.8893285930105315,0.22340327501296997,0.9665953904673563,0.9479980396597139
0.2317596566523605,0.9806666666666666,0.19282175773748442,0.3205392482238041,0.39996686691428707,0.21490051536546184,0.26903553299492383,tensor(0.6169),0.15,0.2932330827067669,0.38963910937309265,-5.593252658843994,0.8742586566951297,0.09722566604614258,0.9684130178546814,0.9425963176951156
0.23376623376623376,0.9703333333333333,0.19878181870618147,0.31362533297673684,0.383092928889083,0.20479276604739438,0.28865979381443296,tensor(0.8390),0.14444444444444443,0.2907801418439716,0.3757191598415375,-5.633048057556152,0.8568111560475847,0.161099374294281,0.96518181690955,0.9131094149817983
0.23788546255506607,0.9693333333333333,0.1980410715747942,0.3627436697815032,0.44610215618890225,0.25875189465940157,0.28865979381443296,tensor(0.6563),0.18811881188118812,0.2777777777777778,0.38189002871513367,-5.6656060218811035,0.8675481040681581,0.21568036079406738,0.9628254021144408,0.910148026173981
0.168141592920354,0.9726666666666666,0.19593250510447044,0.29780954219507205,0.379018375327916,0.16560911616486068,0.28865979381443296,tensor(0.6754),0.06976744186046512,0.22857142857142856,0.3930298686027527,-5.686873435974121,0.8811471016310495,0.1839594841003418,0.9662063121142777,0.9200342536664127
0.15418502202643172,0.9749999999999999,0.17844206525645553,0.35890723539340796,0.4206708409021581,0.24758024274800683,0.29533678756476683,tensor(0.7777),0.1111111111111111,0.1780821917808219,0.38567081093788147,-5.6979241371154785,0.8914638677422058,0.1650359034538269,0.9712690100093011,0.9276455354434288
0.1939655172413793,0.9723333333333333,0.1726023742009306,0.3221359190897359,0.38313458854585475,0.20623844712310993,0.3020833333333333,tensor(0.7918),0.175,0.20394736842105263,0.37877097725868225,-5.691318988800049,0.8838627022647435,0.14006078243255615,0.9692286975960003,0.92074126404793
0.28125,0.9759999999999999,0.1836789164155379,0.36066640063563454,0.44957204764729547,0.22580952033704815,0.2987012987012987,tensor(0.6723),0.14606741573033707,0.37037037037037035,0.3766029179096222,-5.717525482177734,0.871430434073879,0.14520448446273804,0.9701647617033424,0.9313519948223141
0.23893805309734514,0.9769999999999999,0.18998049663046018,0.3315665495074082,0.4437842465131042,0.1768242515311328,0.3020833333333333,tensor(0.6609),0.11578947368421053,0.3282442748091603,0.36062365770339966,-5.736103534698486,0.8657707197252238,0.12660831212997437,0.9710219540464489,0.9348223464372463
0.26785714285714285,0.9756666666666665,0.1773423942890921,0.28560410900028915,0.3569920372204826,0.1752773108418086,0.3089005235602094,tensor(0.5577),0.19318181818181818,0.3161764705882353,0.36917659640312195,-5.768630504608154,0.8787280442871881,0.14199960231781006,0.9713068032935446,0.9316283616366783
0.22869955156950672,0.9789999999999999,0.20479638442886935,0.2994101801913103,0.3571270926121659,0.1962411992390313,0.3089005235602094,tensor(0.8332),0.15,0.2727272727272727,0.34609657526016235,-5.761643886566162,0.88128227667224,0.037945330142974854,0.9746240871690601,0.9411425666544686
0.32589285714285715,0.9696666666666666,0.2024045335062178,0.3725225527411175,0.3991894169093354,0.33052990456817655,0.3020833333333333,tensor(0.7327),0.2988505747126437,0.34306569343065696,0.35392749309539795,-5.864701271057129,0.8869784960184467,0.21258914470672607,0.957156939525062,0.9148063247285949
0.35023041474654376,0.9689999999999999,0.2026909367804372,0.3651488088296275,0.46410201047934757,0.2255148465016891,0.29533678756476683,tensor(0.6309),0.18888888888888888,0.4645669291338583,0.3708256781101227,-5.964466571807861,0.9091875017007429,0.28292229771614075,0.9528770441425718,0.9125693066364036
0.18502202643171806,0.9656666666666666,0.18328065337818988,0.35616784751888075,0.39318477088502735,0.2840569578445691,0.2755102040816326,tensor(0.6654),0.15584415584415584,0.2,0.3671468198299408,-5.9946699142456055,0.9237898772255511,0.08916324377059937,0.9396817495950568,0.9013600149924921
0.22807017543859648,0.9706666666666666,0.18060485694361994,0.34741489950994164,0.40338313026412465,0.24776414719151799,0.27877237851662406,tensor(0.6575),0.17073170731707318,0.2602739726027397,0.38037756085395813,-6.024073600769043,0.9229894607754564,0.15375995635986328,0.9499941284018277,0.9159902032525266
0.2236842105263158,0.9576666666666666,0.1927958240447877,0.4180967051334412,0.4656840814888013,0.3409723365575132,0.30548302872062666,tensor(0.6867),0.19540229885057472,0.24113475177304963,0.37162208557128906,-6.078047752380371,0.9134954928654122,0.16663587093353271,0.9454610194432894,0.8812055107774716
0.2145922746781116,0.9393333333333332,0.17642263314106316,0.40400673305185486,0.48032979319580604,0.2580388805265481,0.34408602150537637,tensor(0.5146),0.1625,0.24183006535947713,0.3838803470134735,-6.12680721282959,0.911705962203013,0.1660250425338745,0.9363292965678818,0.834773244705219
0.17040358744394618,0.9426666666666667,0.18356609888392542,0.37475657968592735,0.4724320852997141,0.23567515321412263,0.3477088948787062,tensor(0.8337),0.11956521739130435,0.20610687022900764,0.3891894519329071,-6.112391471862793,0.9108211047077825,0.11703717708587646,0.9398766342219527,0.8441123736599165
0.21524663677130046,0.9476666666666665,0.17445510984001186,0.42490770869380995,0.5480308442275865,0.22876969045977014,0.3477088948787062,tensor(0.7141),0.13953488372093023,0.26277372262773724,0.3941810727119446,-6.175510883331299,0.916430900783967,0.18358778953552246,0.9437544104763883,0.8577488514817286
0.1504424778761062,0.9553333333333334,0.150318655888055,0.5074102073613589,0.6149355151465953,0.35363745536741836,0.35135135135135137,tensor(0.5378),0.11827956989247312,0.17293233082706766,0.40140071511268616,-6.231235980987549,0.9256501563770093,0.17328709363937378,0.9524777366789494,0.8791628512066547
0.17857142857142858,0.9626666666666666,0.17254173268413311,0.3121820775605924,0.37364248490553514,0.22067435995812162,0.3477088948787062,tensor(0.5423),0.13333333333333333,0.208955223880597,0.39318788051605225,-6.321444988250732,0.9224935207985479,0.23283380270004272,0.9565614647270213,0.8996913768006496
0.18834080717488788,0.972,0.15417397498429414,0.4761309932052278,0.6185625478452254,0.23588499742691899,0.35135135135135137,tensor(0.6308),0.10843373493975904,0.2357142857142857,0.39486026763916016,-6.399162769317627,0.9306731708304072,0.12744081020355225,0.9667002587220463,0.926135686223347
0.24545454545454545,0.9696666666666666,0.15365109290814083,0.43069339165855725,0.512739375003963,0.3143864482348498,0.35135135135135137,tensor(0.9725),0.1978021978021978,0.27906976744186046,0.380733847618103,-6.441989421844482,0.9297730748593026,0.18216538429260254,0.9614408687055958,0.9209694231476446
0.24770642201834864,0.9556666666666667,0.14095315517267928,0.359189009122634,0.4689146039443526,0.1841505602403684,0.32625994694960214,tensor(0.8558),0.15476190476190477,0.30597014925373134,0.3825233578681946,-6.492724418640137,0.9247933794567106,0.238183856010437,0.9340659003998188,0.8825555691761722
0.21120689655172414,0.9603333333333333,0.13227343211691567,0.469612147913187,0.5989249151678929,0.2655853373557616,0.3157894736842105,tensor(0.6612),0.13333333333333333,0.2605633802816901,0.38471636176109314,-6.574023246765137,0.9363766501992524,0.17799842357635498,0.937517519594209,0.8940271451067745
0.2,0.9500000000000001,0.13139866548059556,0.47176050408634984,0.5487442422616298,0.31351615339271877,0.3123359580052493,tensor(0.9229),0.1527777777777778,0.22297297297297297,0.38294586539268494,-6.727667808532715,0.9314071288444683,0.3323667645454407,0.9243237020190354,0.8657486424613906
0.17372881355932204,0.9503333333333333,0.13763750667940658,0.4310948449269445,0.5357673873888268,0.26129272048877983,0.3123359580052493,tensor(0.6891),0.1,0.2191780821917808,0.37757042050361633,-6.7437591552734375,0.9210829588832966,0.07318520545959473,0.9265166802200345,0.8660697201099261
0.26548672566371684,0.9583333333333331,0.13604656231521492,0.482425096593725,0.5772493621397398,0.3443114924288774,0.33689839572192515,tensor(0.6684),0.18478260869565216,0.3208955223880597,0.3891030550003052,-6.738866806030273,0.9057029679578725,0.14464473724365234,0.9481350884341472,0.8891053684168723
0.19090909090909092,0.9563333333333331,0.15007052120374165,0.3853996700680251,0.43698666438752115,0.3080191785887813,0.3698630136986301,tensor(1.1193),0.1590909090909091,0.21212121212121213,0.36181944608688354,-6.672605514526367,0.8739296645136359,0.0697946548461914,0.9580456854071289,0.8859673763875718
0.3063063063063063,0.9553333333333334,0.1569291045701676,0.4490985862918075,0.5248400693054607,0.3440378195309336,0.3477088948787062,tensor(1.0730),0.24731182795698925,0.3488372093023256,0.35711055994033813,-6.659806728363037,0.8630223467246803,0.10770988464355469,0.9473012075567959,0.8812942211529438
0.30180180180180183,0.9579999999999999,0.15625758451797098,0.46643693637147393,0.5642474895498449,0.3403924090797587,0.35135135135135137,tensor(1.0232),0.23711340206185566,0.352,0.3677150309085846,-6.68686580657959,0.8721957966546636,0.2057325839996338,0.9510780673831474,0.8888738040546704
0.35514018691588783,0.972,0.15805425855649924,0.5332466174893824,0.6574793393015445,0.3553679476219687,0.33689839572192515,tensor(0.5806),0.22727272727272727,0.4444444444444444,0.3882761001586914,-6.80919885635376,0.8930397819799384,0.4683140516281128,0.9626240579307589,0.9253822357960761
0.19369369369369369,0.9729999999999999,0.1495361207908033,0.45734182602900664,0.610841852807418,0.26662967154673817,0.32275132275132273,tensor(0.6714),0.12121212121212122,0.25203252032520324,0.39137598872184753,-6.850338935852051,0.9161774164073724,0.24363261461257935,0.957600990120584,0.9277751365043736
0.21171171171171171,0.9719999999999998,0.15091570218373526,0.5068491008469302,0.5738492580248445,0.39886061221899766,0.32275132275132273,tensor(0.8202),0.1411764705882353,0.25547445255474455,0.38847821950912476,-6.863785743713379,0.9059689607838394,0.338187038898468,0.9558951497132612,0.9254411437485518
0.20689655172413793,0.9646666666666666,0.1501517303203936,0.42043291537468747,0.5027686817307137,0.29513935787638657,0.31926121372031663,tensor(0.6884),0.14130434782608695,0.25,0.3859645426273346,-6.838050842285156,0.9055326513364441,0.061817169189453125,0.9456797212918575,0.9054678252565956
0.25217391304347825,0.9559999999999997,0.12348919986942097,0.5049322280640429,0.6304614591141143,0.278367274461475,0.3123359580052493,tensor(0.7764),0.0975609756097561,0.33783783783783783,0.41273459792137146,-6.853665828704834,0.8823501558276081,0.1908813714981079,0.9337718777750055,0.8810287812566788
0.15584415584415584,0.9573333333333333,0.132283832547824,0.47143161250055937,0.5385186270066591,0.33983785327705657,0.2987012987012987,tensor(0.7082),0.11538461538461539,0.17647058823529413,0.3993804156780243,-6.86676025390625,0.8713689642287918,0.16232764720916748,0.9317930791913502,0.8829293687340007
0.21585903083700442,0.9556666666666667,0.13721497613654016,0.42063678436919616,0.49597108397109246,0.2994091758144213,0.2987012987012987,tensor(0.6296),0.1724137931034483,0.24285714285714285,0.39158913493156433,-6.868185997009277,0.8761962491888118,0.16753017902374268,0.9319587642589594,0.8775366975551109
0.2168141592920354,0.9546666666666666,0.13609353235008878,0.4830684414466647,0.5912874702993601,0.3311012945471352,0.2853470437017995,tensor(0.6991),0.1595744680851064,0.25757575757575757,0.39727964997291565,-6.847186088562012,0.8785346265773938,0.19957423210144043,0.9265881182622342,0.8726034207130688
0.20600858369098712,0.9629999999999999,0.17023589030511427,0.5123650289867379,0.6249109477327979,0.34294106528299134,0.3020833333333333,tensor(0.9323),0.11827956989247312,0.2642857142857143,0.37518179416656494,-6.8304266929626465,0.8449701965463499,0.1137017011642456,0.9475645085056099,0.8971223525539231
0.2775330396475771,0.9689999999999999,0.1660882965371323,0.5079518518810007,0.5852762525068153,0.3811757996921648,0.3157894736842105,tensor(0.8398),0.20930232558139536,0.3191489361702128,0.37897366285324097,-6.82635498046875,0.8302492509682352,0.13354384899139404,0.9627056368125659,0.9142864875550154
0.23430962343096234,0.9666666666666666,0.1790988137464504,0.4695511592189599,0.622237582193902,0.25731703128378997,0.34048257372654156,tensor(1.1063),0.12,0.31654676258992803,0.3642095625400543,-6.831084728240967,0.7915314265010351,0.004503130912780762,0.969914795284858,0.9094258747008885
0.33482142857142855,0.9626666666666666,0.16870306209796185,0.46750321208541706,0.6041825178098683,0.28526413778614884,0.3157894736842105,tensor(0.6539),0.19791666666666666,0.4375,0.38866907358169556,-6.920483589172363,0.8334880734211153,0.2342299222946167,0.9520873533465579,0.896543639572923
0.2096069868995633,0.963,0.157726872083341,0.4242133551387866,0.5297686938655211,0.2611889986608298,0.30548302872062666,tensor(0.7216),0.14444444444444443,0.2517985611510791,0.3894783556461334,-6.9665350914001465,0.8630942203299379,0.1315978765487671,0.9471534501231735,0.896818552952225
0.228310502283105,0.9589999999999999,0.13693689310408555,0.5271017496138978,0.6232969672048778,0.37250229277125135,0.29533678756476683,tensor(0.5609),0.15476190476190477,0.2740740740740741,0.39809316396713257,-7.007753372192383,0.885908846535431,0.19522643089294434,0.9369370299286366,0.8849004039387437
0.17272727272727273,0.9606666666666667,0.14147391448765334,0.4304609538285393,0.5212352586481428,0.28902192073752886,0.29198966408268734,tensor(0.8264),0.13953488372093023,0.19402985074626866,0.40083208680152893,-7.096254825592041,0.8912811187200498,0.2961392402648926,0.937562405223916,0.8898288012298816
0.22171945701357465,0.9643333333333332,0.14291299919128198,0.5423392505706724,0.6329099362470203,0.37296030592919033,0.27877237851662406,tensor(0.7304),0.16883116883116883,0.25,0.3811478614807129,-7.131216526031494,0.8976826899817384,0.28728187084198,0.9376313153676916,0.8990442892111477
0.2102803738317757,0.9693333333333334,0.1386799836060618,0.4053586139621342,0.4533606404030258,0.3325084797165456,0.26903553299492383,tensor(0.7062),0.15294117647058825,0.24806201550387597,0.37738868594169617,-7.129918575286865,0.8961164968998511,0.2678074240684509,0.9423655127242716,0.9121378207773426
0.23788546255506607,0.9736666666666666,0.14450003517341042,0.4930130848405801,0.5983793766464024,0.3355425828011093,0.26582278481012656,tensor(0.6356),0.16483516483516483,0.2867647058823529,0.39326852560043335,-7.131014823913574,0.9019916312569105,0.18750131130218506,0.9505673514582511,0.9234181496659759
0.15283842794759825,0.9759999999999998,0.15685748958245055,0.5383219891079633,0.5714915248593817,0.47410916989688434,0.28205128205128205,tensor(0.8962),0.1282051282051282,0.16556291390728478,0.39330244064331055,-7.057336807250977,0.8932724450800381,0.114096999168396,0.9648638066767142,0.9305932627430077
0.23275862068965517,0.9776666666666666,0.1571738271385952,0.4885792346978997,0.5925083441379865,0.3153640522977542,0.28865979381443296,tensor(0.9774),0.1724137931034483,0.2689655172413793,0.38544419407844543,-6.966444492340088,0.8947932535469323,0.08175599575042725,0.971785875249128,0.935330970795931
0.1702127659574468,0.9769999999999999,0.1745397372551496,0.41058880090103217,0.5031892960110302,0.2765110006896806,0.29198966408268734,tensor(1.0211),0.13541666666666666,0.19424460431654678,0.3646065890789032,-6.8564772605896,0.8754203573775678,0.005620121955871582,0.972752675383557,0.93339527878652
0.31277533039647576,0.9769999999999999,0.16676873899019745,0.44230094957614247,0.569575346908563,0.2686244282162767,0.28865979381443296,tensor(0.6744),0.19791666666666666,0.3969465648854962,0.3922021985054016,-6.888837814331055,0.8750139532738856,0.19016426801681519,0.97097828704945,0.933056867040269
0.2222222222222222,0.9766666666666665,0.16874998835981092,0.40342445058144505,0.5077151710510274,0.26071083309675347,0.29533678756476683,tensor(0.7585),0.15789473684210525,0.2692307692307692,0.3820017874240875,-6.905857086181641,0.8615502455731621,0.17397022247314453,0.9730287401134173,0.932616798078618
0.24890829694323144,0.9773333333333332,0.1511668067616546,0.44071374786973583,0.5280990860735897,0.28405954401648525,0.3089005235602094,tensor(0.7096),0.13414634146341464,0.3129251700680272,0.3840917646884918,-6.949690818786621,0.8356473884554312,0.19435322284698486,0.9784549458587882,0.9356522337656358
0.2798165137614679,0.9729999999999999,0.15622569630319127,0.5246899902055855,0.6425944215209793,0.35700368789035825,0.2853470437017995,tensor(0.6977),0.2111111111111111,0.328125,0.3800417184829712,-6.978492259979248,0.8546704389419623,0.23163056373596191,0.9581477972404457,0.9223419870492233
0.25,0.9759999999999999,0.14612793139371832,0.4655560587466997,0.5545956209191297,0.33630508139962373,0.26903553299492383,tensor(0.7417),0.1935483870967742,0.28888888888888886,0.3936261534690857,-7.006181240081787,0.8691643354291521,0.19162195920944214,0.9545321933185621,0.9300524517595214
0.18303571428571427,0.9726666666666666,0.15852469962640403,0.4492652907832821,0.5464142515674877,0.2933750978969986,0.27877237851662406,tensor(0.8033),0.13953488372093023,0.21014492753623187,0.39712828397750854,-7.00664758682251,0.8852572721203734,0.1497204303741455,0.9559957977051713,0.9209584108431046
0.17316017316017315,0.9706666666666666,0.13879592077593986,0.42620282709127294,0.5338077998780136,0.24137546206934163,0.27877237851662406,tensor(0.8218),0.07058823529411765,0.2328767123287671,0.39084184169769287,-7.005594253540039,0.8868859738402299,0.12927520275115967,0.9540212976803149,0.9150077926568301
0.1794871794871795,0.9609999999999999,0.13686891296876236,0.5334797295599609,0.673490682075339,0.31737586806883317,0.29533678756476683,tensor(0.9837),0.09782608695652174,0.2323943661971831,0.37579432129859924,-6.93750524520874,0.8774625970790543,0.022985219955444336,0.9486683936868946,0.8884449199889815
0.2413793103448276,0.9643333333333333,0.1450410065621628,0.5018739852900741,0.6102439124363341,0.3178971322278191,0.29533678756476683,tensor(0.6983),0.1744186046511628,0.2808219178082192,0.3833629786968231,-6.860588073730469,0.8666330801469482,0.0936129093170166,0.9531658121929548,0.8976828749584496
0.23423423423423423,0.9696666666666666,0.14169330688611784,0.4662502717424112,0.5431826230501114,0.3491032822511399,0.3089005235602094,tensor(0.9328),0.18181818181818182,0.26865671641791045,0.37379857897758484,-6.803121566772461,0.8633725884516762,0.11215746402740479,0.9680338913056574,0.913766377611523
0.29004329004329005,0.9673333333333334,0.14021859444798337,0.4285566005505947,0.5450982243065433,0.24926179477221222,0.31926121372031663,tensor(0.8181),0.17582417582417584,0.36428571428571427,0.388515442609787,-6.827627658843994,0.8719910854974408,0.13237541913986206,0.9679747547218434,0.9084032823781653
0.29515418502202645,0.9589999999999999,0.17639463005746084,0.417566637262588,0.5140890562874324,0.2593147642102266,0.32275132275132273,tensor(0.7892),0.20930232558139536,0.3475177304964539,0.36020979285240173,-6.856717109680176,0.8576943407411384,0.18761229515075684,0.9539867837546465,0.8861276200988054
0.2532188841201717,0.952,0.16727313645041855,0.5293770755954554,0.6633230743212258,0.3203624402211763,0.3333333333333333,tensor(0.7609),0.13186813186813187,0.33098591549295775,0.3709690570831299,-6.902504920959473,0.8482389676490834,0.12516772747039795,0.9456237880969496,0.8685062472448952
0.27906976744186046,0.952,0.16446403236073961,0.4655826580042667,0.5208594655621026,0.3602579300900115,0.32978723404255317,tensor(0.8465),0.21621621621621623,0.3120567375886525,0.37263572216033936,-6.997076034545898,0.8550410012870309,0.3015184998512268,0.9406877216070539,0.8689317676621028
0.22844827586206898,0.9593333333333331,0.15430997781772016,0.42483991580752745,0.5683869954613755,0.18994469455577628,0.31926121372031663,tensor(0.4111),0.07954545454545454,0.3194444444444444,0.3852007985115051,-7.04434871673584,0.8765622317131505,0.1458631157875061,0.9446729853638014,0.8885493596783763
0.22935779816513763,0.9583333333333333,0.14511126091385898,0.5307929859893977,0.6512262430747381,0.35623242234884833,0.3089005235602094,tensor(0.8171),0.12359550561797752,0.3023255813953488,0.3910328447818756,-7.1280694007873535,0.8941410501562728,0.2538563013076782,0.9380232819521961,0.8855239683748528
0.242152466367713,0.9596666666666667,0.14969761048474595,0.4801140277824404,0.5835055045334917,0.32444596166287987,0.2853470437017995,tensor(0.6319),0.1797752808988764,0.2835820895522388,0.3858536183834076,-7.1317267417907715,0.8970134688694902,0.3003464937210083,0.9304371737408761,0.8873314854797761
0.1288888888888889,0.9623333333333333,0.13608957165450153,0.5363882058762112,0.6510083833365627,0.36445793968568346,0.27877237851662406,tensor(0.8194),0.1,0.14814814814814814,0.3877599239349365,-7.113470554351807,0.895626622179123,0.21168756484985352,0.9333559850855287,0.8939824238526536
0.25112107623318386,0.9686666666666666,0.13141834059684315,0.41889557363245783,0.5382708338342915,0.2391620358004837,0.27877237851662406,tensor(0.8708),0.16853932584269662,0.30597014925373134,0.38951197266578674,-7.081997871398926,0.882793390595976,0.22737431526184082,0.9448107298400302,0.911643492739639
0.20087336244541484,0.968,0.14590975129415837,0.45472938004189684,0.49167247962024174,0.381802741913216,0.26582278481012656,tensor(0.8658),0.22077922077922077,0.19078947368421054,0.3946981430053711,-7.03822135925293,0.8642526602116412,0.19932609796524048,0.940319638756105,0.9074694323246132
0.2168141592920354,0.9629999999999999,0.15270296742665532,0.4205168348597253,0.5566443567696766,0.20302573663578033,0.27877237851662406,tensor(0.7073),0.08045977011494253,0.302158273381295,0.38144567608833313,-7.015977382659912,0.8615390874716088,0.15693700313568115,0.9427370110218836,0.8929620571507622
0.252212389380531,0.9583333333333333,0.167136840558675,0.45865077577582986,0.5942521015690477,0.26114449690309954,0.2755102040816326,tensor(0.7836),0.20652173913043478,0.2835820895522388,0.3696933388710022,-7.032446384429932,0.8620066007148328,0.2145436406135559,0.9363331185533673,0.8780822941785205
0.20175438596491227,0.9636666666666667,0.16407555043790753,0.5079665322115334,0.6597922905759179,0.2708454039795175,0.26582278481012656,tensor(0.8611),0.10112359550561797,0.26618705035971224,0.3831772208213806,-7.075435638427734,0.8719827045114933,0.20905137062072754,0.9409067675138476,0.891957664523
