failToRecourse,acc,jsd,avgRecourseCost,avgNewRecourseCost,avgOriginalRecourseCost,t_rate,model_shift,failToRecourse_old,failToRecourse_new,entropy,avg_score
0.0,0.0,0.212547970251224,0.0,0.0,0.0,0.8656716417910447,tensor(0.),0.0,0.0,0.5213260054588318,-0.00857223104685545
0.21686746987951808,0.68,0.17170436253792085,0.21991372180474564,0.2528616743300916,0.21013229839878356,0.5290519877675841,tensor(2.5443),0.234375,0.15789473684210525,0.2646273076534271,-1.5104286670684814
0.3602150537634409,0.7121428571428572,0.05371030514568274,0.2335215780209584,0.17994245654751823,0.24682646053449714,0.37362637362637363,tensor(1.9016),0.37583892617449666,0.2972972972972973,0.30318984389305115,-2.2957651615142822
0.4322916666666667,0.7228571428571429,0.07235110531196663,0.15759379380522867,0.16504115497473784,0.15412593860415957,0.30548302872062666,tensor(1.4774),0.44274809160305345,0.4098360655737705,0.2636687457561493,-3.525029182434082
0.5132275132275133,0.7217857142857143,0.09246438463242063,0.2807644548840451,0.3211533829809609,0.2673962885421083,0.2376237623762376,tensor(1.3032),0.5352112676056338,0.44680851063829785,0.3223786950111389,-4.534631729125977
0.49740932642487046,0.7131428571428573,0.08080851317853223,0.19967691073728405,0.2224350298986543,0.18941009006298162,0.2285012285012285,tensor(1.2168),0.5263157894736842,0.43333333333333335,0.30062493681907654,-5.52735710144043
0.5125628140703518,0.7311904761904761,0.08413599856358843,0.19412343406607957,0.2528989783890995,0.17110643768783396,0.25,tensor(1.2995),0.4965034965034965,0.5535714285714286,0.27653971314430237,-5.569319725036621
0.5602094240837696,0.7597619047619047,0.11518954469177543,0.2786149156075191,0.24997969214418925,0.28932737330603125,0.22249388753056235,tensor(1.0978),0.5683453237410072,0.5384615384615384,0.2722192704677582,-4.797173500061035
0.6224489795918368,0.7647619047619049,0.1501922518138922,0.23611346767917651,0.4087310531636593,0.1721363206115011,0.21359223300970873,tensor(1.2247),0.6223776223776224,0.6226415094339622,0.2831210792064667,-5.2593512535095215
0.5309278350515464,0.7923809523809524,0.12225778401434902,0.19746822573395567,0.3035162374192919,0.14765779600296447,0.2345679012345679,tensor(1.0458),0.5075757575757576,0.5806451612903226,0.2912169396877289,-4.857219696044922
0.582010582010582,0.8071428571428572,0.12210458114755943,0.20121505224162484,0.2190514035515604,0.19444505028456896,0.2285012285012285,tensor(1.1772),0.5401459854014599,0.6923076923076923,0.35363271832466125,-3.857769250869751
0.6269430051813472,0.7923809523809525,0.11159974345694113,0.10723591569608533,0.1872774146340699,0.07451822269953694,0.17096018735362997,tensor(0.9925),0.6277372262773723,0.625,0.36718183755874634,-5.224035263061523
0.4472361809045226,0.7845238095238095,0.09264894447542563,0.13244361688675566,0.24343905779711378,0.07860254480337299,0.1848341232227488,tensor(0.8775),0.44029850746268656,0.46153846153846156,0.3762665092945099,-5.5002899169921875
0.47692307692307695,0.7938095238095237,0.06843366469615302,0.13167904069107117,0.22332008392855157,0.09382730544080747,0.19617224880382775,tensor(0.9970),0.4927536231884058,0.43859649122807015,0.3355362117290497,-5.921219348907471
0.5445544554455446,0.7876190476190476,0.05187374629663209,0.1882874182241383,0.27874395178548345,0.15272864296209238,0.19047619047619047,tensor(1.0765),0.5310344827586206,0.5789473684210527,0.31697094440460205,-5.869329452514648
0.44387755102040816,0.791190476190476,0.06371523860805012,0.20049473292311537,0.29553849623747047,0.16247722759737332,0.19904076738609114,tensor(0.9035),0.4642857142857143,0.39285714285714285,0.3269333243370056,-6.789212703704834
0.4898989898989899,0.7785714285714287,0.060488833589410276,0.20054921429481234,0.27467367841727797,0.17275254024888778,0.19047619047619047,tensor(0.8847),0.4583333333333333,0.5740740740740741,0.35938960313796997,-7.214610576629639
0.5751295336787565,0.769047619047619,0.04901963646134951,0.2565158321078949,0.3311149719431446,0.22366994218043423,0.19331742243436753,tensor(0.8422),0.5447761194029851,0.6440677966101694,0.3534853160381317,-7.280742645263672
0.4782608695652174,0.7633333333333333,0.040429383243155904,0.20887300844067774,0.3252299646481824,0.15561102144428482,0.1848341232227488,tensor(0.8616),0.4507042253521127,0.5384615384615384,0.328396201133728,-7.687150955200195
0.4393939393939394,0.785952380952381,0.07524542905918591,0.3300480416552651,0.42177424816286735,0.28521944448989567,0.20772946859903382,tensor(0.8379),0.42105263157894735,0.47692307692307695,0.33383113145828247,-6.948572158813477
0.5078534031413613,0.7807142857142857,0.062489455121412026,0.17296915757072084,0.30413239355757615,0.12645737175977922,0.15473441108545036,tensor(0.9129),0.5035460992907801,0.52,0.37087419629096985,-7.179591655731201
0.458128078817734,0.7726190476190476,0.040068929469331105,0.1812641314479241,0.29444263189817443,0.12795541746773378,0.16279069767441862,tensor(0.9027),0.43478260869565216,0.5076923076923077,0.3622208833694458,-7.33941650390625
0.4504950495049505,0.7738095238095238,0.030513098871526013,0.18788198064354572,0.2730265980380264,0.14656179867269484,0.14942528735632185,tensor(0.8658),0.45588235294117646,0.4393939393939394,0.3628593981266022,-7.426270961761475
0.4256410256410256,0.7752380952380951,0.044510202860713825,0.18261519796889847,0.25114237359030706,0.14835161015819406,0.1574074074074074,tensor(0.9226),0.46923076923076923,0.3384615384615385,0.33590421080589294,-7.330578804016113
0.504950495049505,0.7795238095238094,0.030992788316410353,0.17868562897148726,0.29443687408441804,0.11994619115298512,0.15473441108545036,tensor(0.7301),0.4701492537313433,0.5735294117647058,0.3883926272392273,-7.2279372215271
0.5172413793103449,0.7592857142857142,0.06068722249441282,0.16099077498219402,0.25413356775037155,0.12462680794256306,0.16822429906542055,tensor(0.7960),0.4726027397260274,0.631578947368421,0.3554823398590088,-7.769402503967285
0.5099009900990099,0.7485714285714287,0.04215058868461423,0.1695446922531672,0.2866074387023384,0.12464391279321108,0.14942528735632185,tensor(0.9356),0.4931506849315068,0.5535714285714286,0.3607519268989563,-7.345893383026123
0.43842364532019706,0.7466666666666667,0.06649035316913743,0.194717404227535,0.3120049914619182,0.1478023693337817,0.1848341232227488,tensor(0.8657),0.4068965517241379,0.5172413793103449,0.3332684636116028,-7.541990280151367
0.5693069306930693,0.7604761904761904,0.08684301431496878,0.1950329445330612,0.28359005559978884,0.1558147953463675,0.19047619047619047,tensor(0.9782),0.5571428571428572,0.5967741935483871,0.29558974504470825,-7.919580936431885
0.5505050505050505,0.7766666666666667,0.03582870333872925,0.3129286764439834,0.39571792805210076,0.27338754134756915,0.17647058823529413,tensor(0.8388),0.5223880597014925,0.609375,0.2955585718154907,-8.062554359436035
0.59,0.7766666666666666,0.037883791228321834,0.3011779345178387,0.4370988669507581,0.24566093394664623,0.13895216400911162,tensor(0.8184),0.5845070422535211,0.603448275862069,0.25794699788093567,-8.568840026855469
0.4129353233830846,0.7840476190476191,0.04943509804951071,0.3820853401028255,0.4621361464304991,0.3438257635491581,0.1111111111111111,tensor(0.7877),0.3602941176470588,0.5230769230769231,0.33282148838043213,-8.475192070007324
0.47783251231527096,0.7833333333333333,0.023713069748298392,0.3174983918304124,0.42507069913422874,0.2621066813530742,0.10375275938189846,tensor(0.9033),0.4552238805970149,0.5217391304347826,0.32687991857528687,-8.317848205566406
0.4393939393939394,0.7930952380952382,0.046654678111578335,0.3798091195717517,0.49748506492771166,0.3182555481547882,0.12359550561797752,tensor(0.9349),0.4076923076923077,0.5,0.2932891547679901,-7.620166301727295
0.5544554455445545,0.79,0.0364735396553533,0.28551339538589676,0.44512515014890586,0.22122532749524015,0.10375275938189846,tensor(0.9976),0.5625,0.5344827586206896,0.3595029413700104,-7.555782318115234
0.5125628140703518,0.7845238095238095,0.03621057039653283,0.2357769812370665,0.374706066192719,0.16525994569139454,0.0989010989010989,tensor(0.8210),0.4696969696969697,0.5970149253731343,0.3649628758430481,-7.985776901245117
0.5294117647058824,0.7747619047619048,0.05607578739146337,0.31505628166921273,0.529891207719502,0.223413411116292,0.09649122807017543,tensor(0.9846),0.4825174825174825,0.639344262295082,0.3611670136451721,-7.91631555557251
0.43478260869565216,0.7766666666666666,0.047733395289284566,0.2593551865031315,0.4389927877164808,0.18254462598432009,0.09649122807017543,tensor(0.9130),0.4068965517241379,0.5,0.3393479585647583,-8.957549095153809
0.45544554455445546,0.7797619047619048,0.0510828153765552,0.32003686502232415,0.38839648217705014,0.286110240212201,0.09409190371991247,tensor(0.8988),0.43703703703703706,0.4925373134328358,0.305588036775589,-9.674437522888184
0.4634146341463415,0.7845238095238096,0.04822238199387464,0.4200147209555731,0.49639962270644816,0.3876572278527719,0.09170305676855896,tensor(0.9993),0.3958333333333333,0.6229508196721312,0.3360414206981659,-9.39220905303955
0.44221105527638194,0.7847619047619048,0.055688030450358667,0.23405266880534423,0.33945470432180885,0.18746191397560266,0.09170305676855896,tensor(0.7975),0.39855072463768115,0.5409836065573771,0.3373471796512604,-9.579350471496582
0.5073170731707317,0.7747619047619045,0.05971350408687413,0.2543295966576163,0.32335593075195257,0.22299849465735017,0.08932461873638345,tensor(0.8369),0.49645390070921985,0.53125,0.34761902689933777,-9.563105583190918
0.507537688442211,0.7509523809523809,0.07813053934739696,0.20948814017038425,0.2542539521833472,0.1897003537008862,0.08695652173913043,tensor(0.8473),0.463768115942029,0.6065573770491803,0.3215359151363373,-9.967303276062012
0.43478260869565216,0.7461904761904763,0.1219323989836271,0.2149336018168194,0.2903636032052856,0.18040578427984552,0.07758620689655173,tensor(0.9248),0.45774647887323944,0.38461538461538464,0.3293350636959076,-9.702261924743652
0.4852941176470588,0.7497619047619046,0.11124663894663268,0.21732833540216628,0.3189244443910695,0.1807537361661612,0.07066381156316917,tensor(0.9625),0.4666666666666667,0.5370370370370371,0.309298574924469,-9.836650848388672
0.4405940594059406,0.7616666666666667,0.1240053588606604,0.24032510005262533,0.33471203286327544,0.19655145005348315,0.07296137339055794,tensor(0.8540),0.42028985507246375,0.484375,0.31382253766059875,-9.798402786254883
0.5049019607843137,0.7740476190476191,0.10821403023210659,0.212620582463114,0.2933849627939956,0.17569972288328248,0.07526881720430108,tensor(0.8499),0.4714285714285714,0.578125,0.3213436007499695,-9.836126327514648
0.5242718446601942,0.7766666666666666,0.08859500857046133,0.20464452209280692,0.34166370538460805,0.13859930424711858,0.07526881720430108,tensor(0.7056),0.5323741007194245,0.5074626865671642,0.36083707213401794,-9.966252326965332
0.5024630541871922,0.7754761904761904,0.0930645457317981,0.23489125265458358,0.3495543826394353,0.18447200400876224,0.07296137339055794,tensor(0.8837),0.5035460992907801,0.5,0.34766319394111633,-10.118947982788086
0.3253588516746411,0.7792857142857142,0.06028331240941649,0.20421805530685905,0.3055134408001687,0.16149483149335425,0.08225108225108226,tensor(0.8102),0.2789115646258503,0.43548387096774194,0.3271023631095886,-10.504379272460938
0.48743718592964824,0.7749999999999999,0.07249999657633574,0.2983201950209351,0.4472647621841426,0.22440785342114797,0.08459869848156182,tensor(0.8274),0.41353383458646614,0.6363636363636364,0.35269397497177124,-10.534951210021973
0.4236453201970443,0.7773809523809522,0.07639300103662557,0.271692734821675,0.4249242874626632,0.20586791291251794,0.09409190371991247,tensor(0.8598),0.4084507042253521,0.45901639344262296,0.3232422471046448,-10.838151931762695
0.46798029556650245,0.7721428571428569,0.08249877650468215,0.3451461191421677,0.43352477115477367,0.30351849319420093,0.08459869848156182,tensor(0.8191),0.42028985507246375,0.5692307692307692,0.3331374228000641,-11.219066619873047
0.3284313725490196,0.7597619047619046,0.08094412913384967,0.29505401790760344,0.424507904347551,0.23587509839219878,0.07991360691144708,tensor(0.7625),0.2857142857142857,0.421875,0.33905506134033203,-12.025240898132324
0.4166666666666667,0.759047619047619,0.05907930718808906,0.2834687938408275,0.4185115637269476,0.2049555555349438,0.07296137339055794,tensor(0.6604),0.37209302325581395,0.49333333333333335,0.3499871492385864,-12.192749977111816
0.48292682926829267,0.7592857142857143,0.05852900067198553,0.3324612908168793,0.4523189466110744,0.2768130934838603,0.07066381156316917,tensor(0.5993),0.45,0.5538461538461539,0.35283374786376953,-12.149532318115234
0.4519230769230769,0.7692857142857144,0.05819478914230363,0.3074019564742391,0.46454326637158133,0.22420949829329329,0.07758620689655173,tensor(0.6995),0.39705882352941174,0.5555555555555556,0.351423978805542,-12.519411087036133
0.47317073170731705,0.7614285714285713,0.06240441285564932,0.3363312166067575,0.42098922374487474,0.3021201041331347,0.08459869848156182,tensor(0.7953),0.4657534246575342,0.4915254237288136,0.32515832781791687,-12.692570686340332
0.46116504854368934,0.7690476190476192,0.035060981831147774,0.3525761117654221,0.3994408886324118,0.33145395881128586,0.08459869848156182,tensor(0.6944),0.43661971830985913,0.515625,0.32116761803627014,-13.106428146362305
0.34782608695652173,0.7723809523809524,0.049620897849031766,0.343733984594697,0.4903725813839184,0.2795795984994125,0.08695652173913043,tensor(0.7355),0.3472222222222222,0.3492063492063492,0.28665539622306824,-12.606781005859375
0.49029126213592233,0.7780952380952381,0.027112859748806378,0.36516530072964765,0.5799079213378578,0.27482530171515923,0.07296137339055794,tensor(0.8442),0.4827586206896552,0.5081967213114754,0.34646326303482056,-12.193442344665527
0.39712918660287083,0.758095238095238,0.03879271849163816,0.3038580133168986,0.46142107602550336,0.2278701532872169,0.07296137339055794,tensor(0.6695),0.3333333333333333,0.5294117647058824,0.3460886478424072,-12.487957954406738
0.2926829268292683,0.7638095238095238,0.057551399128157606,0.3589938790584837,0.5663366202309204,0.25832747573563386,0.07066381156316917,tensor(0.7061),0.2898550724637681,0.29850746268656714,0.3325856328010559,-12.785887718200684
0.49246231155778897,0.7688095238095238,0.050569407950138354,0.400366024685158,0.4770886594985126,0.35873358718953907,0.07758620689655173,tensor(0.7385),0.4573643410852713,0.5571428571428572,0.3424139618873596,-12.548949241638184
0.4975609756097561,0.770952380952381,0.07847015158356223,0.4149508956627362,0.6334340604078045,0.3041028194317824,0.07991360691144708,tensor(0.6905),0.49264705882352944,0.5072463768115942,0.3376166820526123,-12.447598457336426
0.5217391304347826,0.7571428571428571,0.09695556792796489,0.33383580214193376,0.47451112627951303,0.2679877780775349,0.07991360691144708,tensor(0.8428),0.49645390070921985,0.5757575757575758,0.31675368547439575,-12.228484153747559
0.5147058823529411,0.7611904761904762,0.06591080333358672,0.34262833694028116,0.4771745877997363,0.28251192698180105,0.07758620689655173,tensor(0.8019),0.49645390070921985,0.5555555555555556,0.3196197748184204,-12.48306655883789
0.4182692307692308,0.7661904761904761,0.03576454803463313,0.32936473359604074,0.5105471130414536,0.24700910657539854,0.07758620689655173,tensor(0.7195),0.3916083916083916,0.47692307692307695,0.3296251595020294,-12.831633567810059
0.4784688995215311,0.7640476190476191,0.04709643588192157,0.36204549218859544,0.5646583874217688,0.2765897132467129,0.07758620689655173,tensor(0.8131),0.46938775510204084,0.5,0.3226580321788788,-12.418947219848633
0.5172413793103449,0.7802380952380952,0.05586273477620208,0.3301579388705142,0.45866042169043914,0.269631407107506,0.08459869848156182,tensor(0.7433),0.47101449275362317,0.6153846153846154,0.3256571292877197,-12.539921760559082
0.5288461538461539,0.7645238095238096,0.030452567151022035,0.3892979435637718,0.5178762441246035,0.324077066467698,0.07296137339055794,tensor(0.7723),0.4492753623188406,0.6857142857142857,0.3330007791519165,-12.723332405090332
0.2898550724637681,0.7423809523809525,0.03294991769508324,0.35536735941710795,0.4949761029380741,0.288554603589217,0.06609808102345416,tensor(0.7728),0.2571428571428571,0.3582089552238806,0.3234333395957947,-13.299513816833496
0.3592233009708738,0.7557142857142858,0.02317934691465195,0.34140763536368063,0.5241862301507046,0.2627112959414898,0.06837606837606838,tensor(0.7450),0.3541666666666667,0.3709677419354839,0.3229645788669586,-13.734964370727539
0.4117647058823529,0.779047619047619,0.02514001635206968,0.38670370330571596,0.498525854207984,0.33441276943055465,0.07991360691144708,tensor(0.8213),0.4028776978417266,0.4307692307692308,0.3074491322040558,-12.806910514831543
0.4876847290640394,0.7926190476190476,0.04353748277413215,0.31818528120323075,0.5577484270109592,0.2223600228801393,0.06382978723404255,tensor(0.7302),0.45517241379310347,0.5689655172413793,0.347395122051239,-12.437216758728027
0.4900990099009901,0.77,0.0447452052131608,0.32657260717863695,0.5200708769471993,0.2408805162811306,0.06157112526539278,tensor(0.9418),0.45,0.5806451612903226,0.3458680808544159,-11.867241859436035
0.38497652582159625,0.7752380952380952,0.048333129978397935,0.2732174744476601,0.41893212988177214,0.1940247269291209,0.06609808102345416,tensor(0.7141),0.2898550724637681,0.56,0.3746917247772217,-12.132566452026367
0.4368932038834951,0.7628571428571428,0.08138557226309727,0.32338366749569936,0.553082980777838,0.2438146243326056,0.07526881720430108,tensor(0.8049),0.43137254901960786,0.4528301886792453,0.3246825039386749,-11.993524551391602
0.5194174757281553,0.7359523809523809,0.10487420944814704,0.37336256944427115,0.5098397726748645,0.3104475466783948,0.06157112526539278,tensor(0.8055),0.48936170212765956,0.5846153846153846,0.36024948954582214,-11.812902450561523
0.3902439024390244,0.7361904761904763,0.0900187189010567,0.2843983344659952,0.4187685912610894,0.23009802521318332,0.05708245243128964,tensor(0.9562),0.363013698630137,0.4576271186440678,0.3393153250217438,-11.37409782409668
0.4519230769230769,0.7476190476190475,0.0925255913923012,0.2836238078806851,0.41536858544235145,0.21534731731952944,0.05485232067510549,tensor(0.7841),0.40145985401459855,0.5492957746478874,0.3457813262939453,-12.105584144592285
0.3333333333333333,0.7414285714285714,0.09212007862755968,0.31518476520388317,0.47451186311398413,0.24705869575266776,0.05042016806722689,tensor(0.6978),0.2827586206896552,0.45161290322580644,0.3505018949508667,-12.619023323059082
0.37,0.7623809523809524,0.08979595969687557,0.3135815150303118,0.4502168386136884,0.24928253922637,0.05263157894736842,tensor(0.7801),0.3235294117647059,0.46875,0.3255651295185089,-11.87193489074707
0.5517241379310345,0.7588095238095237,0.042058194192380965,0.3719722144727868,0.5120845488956977,0.30139711268939484,0.05708245243128964,tensor(0.7895),0.5259259259259259,0.6029411764705882,0.3514575660228729,-11.9644193649292
0.4714285714285714,0.7657142857142858,0.0627695508779979,0.3126664270607134,0.44248835124464836,0.25575818632255004,0.06382978723404255,tensor(0.7604),0.4178082191780822,0.59375,0.3310311734676361,-11.963397026062012
0.5049019607843137,0.7571428571428571,0.03106398485459969,0.3497130067305032,0.5387522259336278,0.25519339712894096,0.06157112526539278,tensor(0.7303),0.49264705882352944,0.5294117647058824,0.35494789481163025,-12.171217918395996
0.40487804878048783,0.7692857142857141,0.02993521608477204,0.3522019605235861,0.5115196881612106,0.26028788688649523,0.06609808102345416,tensor(0.7796),0.3769230769230769,0.4533333333333333,0.3280916213989258,-12.022089958190918
0.45098039215686275,0.7685714285714285,0.047203921201686545,0.34979558924512144,0.5648271157117573,0.2492412783074859,0.07526881720430108,tensor(0.7700),0.4460431654676259,0.46153846153846156,0.3384276330471039,-11.294454574584961
0.5169082125603864,0.7619047619047619,0.02922614846459933,0.28954644368115323,0.5403726216954965,0.17980999079987814,0.07526881720430108,tensor(0.9061),0.4861111111111111,0.5873015873015873,0.3545824885368347,-11.671910285949707
0.33653846153846156,0.7766666666666666,0.018546728046362163,0.31934353166282914,0.5669307585299153,0.20169570045648333,0.07991360691144708,tensor(0.6460),0.3120567375886525,0.3880597014925373,0.33724352717399597,-12.44722843170166
0.4423076923076923,0.7811904761904762,0.037417202682503016,0.3167471472999921,0.5222683879929096,0.22122319035821364,0.07526881720430108,tensor(0.8117),0.39436619718309857,0.5454545454545454,0.3427155017852783,-12.32886791229248
0.47572815533980584,0.7676190476190474,0.044461481087849856,0.3606379685749574,0.5653720290316531,0.2662570187190337,0.07066381156316917,tensor(0.7613),0.46808510638297873,0.49230769230769234,0.358480840921402,-12.470425605773926
0.34951456310679613,0.773809523809524,0.053784509314502106,0.34813430855501953,0.5364684681567168,0.2651619165626634,0.06837606837606838,tensor(0.6489),0.3006993006993007,0.4603174603174603,0.3695167005062103,-13.080839157104492
0.43478260869565216,0.769047619047619,0.07725068953277531,0.41683303457692317,0.6082536445894168,0.319026883475649,0.07296137339055794,tensor(0.6627),0.4233576642335766,0.45714285714285713,0.33760616183280945,-12.986883163452148
0.5679611650485437,0.749047619047619,0.04461052302683345,0.3704406392485176,0.5147210194104002,0.2977738784370585,0.07066381156316917,tensor(0.9394),0.5109489051094891,0.6811594202898551,0.3188748061656952,-12.870209693908691
0.4803921568627451,0.7419047619047618,0.025130183832371682,0.3669306993366883,0.5416345952064598,0.2852346329227664,0.06157112526539278,tensor(0.7194),0.43884892086330934,0.5692307692307692,0.348195344209671,-13.307973861694336
0.30917874396135264,0.748095238095238,0.0398369155924284,0.3504985994203002,0.5916007727044419,0.22462908248519672,0.06382978723404255,tensor(0.7133),0.2867647058823529,0.352112676056338,0.3309178054332733,-13.909135818481445
0.3842364532019704,0.7452380952380951,0.040534856843868074,0.41139424248207,0.5560805382823549,0.34477609189776626,0.06382978723404255,tensor(0.7260),0.34532374100719426,0.46875,0.3410905599594116,-13.907105445861816
0.38461538461538464,0.7745238095238094,0.049916523760929254,0.4068986665746104,0.6518858396319419,0.3004559637979767,0.06837606837606838,tensor(0.6946),0.3310344827586207,0.5079365079365079,0.3148970603942871,-13.35883617401123
0.5263157894736842,0.7771428571428571,0.05194142064385014,0.39170206573823496,0.6194523585769296,0.2794537071248784,0.07066381156316917,tensor(0.7811),0.5071428571428571,0.5652173913043478,0.33020350337028503,-13.68099594116211
0.49261083743842365,0.768095238095238,0.02695840022616122,0.4019438135209601,0.631745090861359,0.28873289012532244,0.059322033898305086,tensor(0.8284),0.47794117647058826,0.5223880597014925,0.32550328969955444,-13.35666275024414
