topk_continual_k-0.5_c-0.01,topk_continual_k-0.5_c-0.1,topk_continual_k-0.5_c-1,topk_continual_k-0.5_c-0.001,topk_continual_k-0.5_c-0.0001,topk_continual_k-0.5_c-0
0.25,1.0,0.375,0.3333333333333333,0.4,0.25
0.625,0.6,0.0,0.3333333333333333,0.6,0.8
0.0,0.1666666666666666,0.4,0.16666666666666666,0.4285714285714285,0.4
0.2857142857142857,0.3333333333333333,0.0,0.16666666666666666,0.2,1.0
0.125,0.0,0.2,0.5,0.2857142857142857,0.5714285714285714
0.3333333333333333,0.5,0.0,0.4444444444444444,0.6666666666666666,0.8333333333333334
0.125,0.5,0.3333333333333333,0.5,0.8,0.7142857142857143
0.4444444444444444,0.25,0.0,0.6666666666666666,0.2857142857142857,0.8333333333333334
0.5,0.1428571428571428,0.0,0.4,0.4,0.5
0.0,0.1666666666666666,0.2,0.5,0.6,0.875
0.0,0.0,0.1428571428571428,0.0,0.25,0.6
0.25,0.2,0.0,0.3333333333333333,0.2857142857142857,0.7142857142857143
0.25,0.0,0.1666666666666666,0.25,0.375,0.5
0.3333333333333333,0.4,0.3333333333333333,0.2222222222222222,0.2,0.6
0.4,0.1666666666666666,0.0,0.14285714285714285,0.625,0.7142857142857143
0.25,0.3333333333333333,0.6666666666666666,0.42857142857142855,0.7142857142857143,0.8571428571428571
0.0,0.75,0.2,0.4,0.5,0.8
0.2,0.0,0.1428571428571428,0.16666666666666666,0.25,1.0
0.1666666666666666,0.0,0.25,0.42857142857142855,0.1428571428571428,0.6666666666666666
0.25,0.0,0.2,0.14285714285714285,0.4,0.7142857142857143
0.0,0.2,0.1666666666666666,1.0,0.375,0.6666666666666666
0.3333333333333333,0.2,0.0,0.16666666666666666,0.6,0.2857142857142857
0.125,0.0,0.3333333333333333,0.0,0.25,1.0
0.1666666666666666,0.2,0.5,0.16666666666666666,0.2222222222222222,1.0
0.2,0.0,0.1428571428571428,0.125,0.25,0.25
0.3333333333333333,1.0,0.0,0.5714285714285714,0.2222222222222222,0.5
0.0,0.1666666666666666,0.2,0.0,0.5555555555555556,0.7142857142857143
0.2,0.0,0.2857142857142857,0.3333333333333333,0.2857142857142857,0.8333333333333334
0.0,0.25,0.3333333333333333,0.2,0.2222222222222222,0.75
0.6666666666666666,0.25,0.0,0.75,0.5,1.0
0.3333333333333333,0.3333333333333333,0.0,0.2857142857142857,0.4444444444444444,0.8333333333333334
0.5,0.3333333333333333,0.3333333333333333,0.3333333333333333,0.125,0.875
0.2857142857142857,0.2,0.0,0.4,0.4444444444444444,1.0
0.0,0.1666666666666666,0.0,0.2857142857142857,0.1428571428571428,0.4
0.0,0.0,0.0,0.4,0.3333333333333333,0.6666666666666666
0.5,0.25,0.0,0.0,0.1428571428571428,0.7142857142857143
0.0,0.1428571428571428,0.5,0.2,0.2857142857142857,1.0
0.25,0.0,0.0,0.14285714285714285,0.5555555555555556,0.75
0.1666666666666666,0.0,0.0,0.14285714285714285,0.4,0.8
0.0,0.3333333333333333,0.2857142857142857,0.16666666666666666,0.2,0.625
0.0,0.3333333333333333,0.0,0.2857142857142857,0.4285714285714285,0.6
0.0,0.0,0.1428571428571428,0.0,0.5,1.0
0.1666666666666666,0.6666666666666666,0.0,0.0,0.1428571428571428,1.0
0.25,0.2,0.3333333333333333,0.0,0.1666666666666666,0.6666666666666666
0.2,0.4,0.1666666666666666,0.5,0.375,0.5
0.0,0.0,0.0,0.16666666666666666,0.4285714285714285,1.0
0.25,0.1666666666666666,0.1666666666666666,0.6,0.6666666666666666,1.0
0.0,0.0,0.0,0.2857142857142857,0.5714285714285714,0.8333333333333334
0.0,0.0,0.0,0.25,0.4285714285714285,1.0
0.1666666666666666,0.0,0.0,0.3333333333333333,0.1428571428571428,1.0
0.3333333333333333,0.1666666666666666,0.1666666666666666,0.0,0.4444444444444444,1.0
0.2,0.1666666666666666,0.25,0.75,0.1428571428571428,0.6
0.1666666666666666,0.1666666666666666,0.0,0.14285714285714285,0.6666666666666666,0.75
0.1428571428571428,0.2,0.0,0.2,0.3333333333333333,1.0
0.1428571428571428,0.0,0.0,0.16666666666666666,0.6,0.8333333333333334
0.3333333333333333,0.1666666666666666,0.1666666666666666,0.0,0.0,0.8571428571428571
0.5,0.2,0.1428571428571428,0.2,0.1428571428571428,0.8571428571428571
0.0,0.0,0.4285714285714285,0.5,0.3333333333333333,0.8
0.375,0.0,0.0,0.6666666666666666,0.25,0.6666666666666666
0.2,0.0,0.0,0.2222222222222222,0.1666666666666666,0.8
0.2857142857142857,0.3333333333333333,0.75,0.16666666666666666,0.2,1.0
0.0,0.0,0.25,0.5,0.2,0.5
0.3333333333333333,0.0,0.2,0.0,0.125,0.6
0.0,0.0,0.0,0.42857142857142855,0.75,0.8333333333333334
0.3333333333333333,0.1666666666666666,0.2,0.0,0.5,0.875
0.5,0.0,0.0,0.3333333333333333,0.2,0.75
0.2,0.2,0.0,0.5,0.3333333333333333,0.8571428571428571
0.3333333333333333,0.3333333333333333,0.0,0.0,0.375,1.0
0.0,0.2,0.1666666666666666,0.2,0.5,1.0
0.0,0.0,0.0,0.5,0.8,1.0
0.4,0.0,0.1666666666666666,0.2857142857142857,0.5,1.0
0.2,0.4,0.25,0.2,0.375,0.75
0.0,0.0,0.0,0.16666666666666666,0.25,0.6666666666666666
0.0,0.2,0.0,0.0,0.4,1.0
0.2,0.2,0.4,0.0,0.0,0.25
0.0,0.0,0.25,0.375,0.6,0.6
0.3333333333333333,0.0,0.0,0.3333333333333333,0.3333333333333333,0.75
0.4285714285714285,0.6666666666666666,0.3333333333333333,0.4,0.0,0.6666666666666666
0.0,0.4,0.0,0.25,0.0,1.0
0.3333333333333333,0.4,0.0,0.375,0.6666666666666666,0.8
0.5,0.0,0.1666666666666666,0.25,0.25,0.5
0.2,0.0,0.0,0.0,0.25,0.8571428571428571
0.3333333333333333,0.25,0.0,0.375,0.5714285714285714,0.8888888888888888
0.2,0.0,0.2,0.25,0.4285714285714285,0.75
0.0,0.5,0.0,0.0,0.5,0.7142857142857143
0.4,0.0,0.0,0.3333333333333333,0.4,0.8333333333333334
0.4,0.4,0.25,0.3333333333333333,0.3333333333333333,0.875
0.2,0.6,0.0,0.16666666666666666,0.5,1.0
0.0,0.0,0.0,0.2857142857142857,0.625,0.4285714285714285
0.25,0.0,0.75,0.2,0.4444444444444444,0.7142857142857143
0.0,0.25,0.0,0.6666666666666666,0.5,1.0
0.0,0.0,0.2,0.3333333333333333,0.6,0.8333333333333334
0.0,0.0,0.2857142857142857,0.14285714285714285,0.0,0.8
0.0,0.25,0.0,0.2857142857142857,0.3333333333333333,1.0
0.0,0.2,0.0,0.2222222222222222,0.3333333333333333,0.6
0.25,0.2,0.2,0.2,0.25,0.8333333333333334
0.375,0.3333333333333333,0.6666666666666666,0.5,0.3,0.6
0.0,0.0,0.0,0.0,0.1428571428571428,0.2
0.4,0.0,0.5,0.4,0.2857142857142857,1.0
0.5,0.5,0.0,0.2857142857142857,0.5,1.0
0.2857142857142857,0.0,0.3333333333333333,0.5,0.375,0.8333333333333334
0.3333333333333333,0.25,0.5,0.16666666666666666,0.5714285714285714,0.8333333333333334
0.25,0.5,0.0,0.4,0.1428571428571428,1.0
0.0,0.0,0.25,0.42857142857142855,0.3333333333333333,1.0
0.0,0.0,0.25,0.0,0.5,1.0
0.0,0.2857142857142857,0.0,0.5,0.375,0.8571428571428571
0.2,0.6,0.0,0.5,0.3333333333333333,1.0
0.25,0.0,0.1666666666666666,0.0,0.6,0.75
0.2,0.0,0.0,0.2857142857142857,0.5,0.6
0.0,0.125,0.0,0.16666666666666666,0.2222222222222222,1.0
0.3333333333333333,0.4,0.6,0.16666666666666666,0.5,0.8571428571428571
0.0,0.1428571428571428,0.0,0.6666666666666666,0.3333333333333333,0.75
0.3333333333333333,0.5,0.3333333333333333,0.14285714285714285,0.3333333333333333,0.6666666666666666
0.25,0.0,0.3333333333333333,0.25,0.0,0.6666666666666666
0.0,0.0,0.4,0.0,0.1666666666666666,0.6
0.125,0.25,0.0,0.14285714285714285,0.3333333333333333,1.0
0.3333333333333333,0.0,0.1666666666666666,0.375,0.5,0.6
0.25,0.1666666666666666,0.0,0.6,0.2222222222222222,0.625
0.2,0.5,0.1666666666666666,0.6,0.375,0.75
0.0,0.25,0.0,0.4,0.4444444444444444,1.0
0.6666666666666666,0.0,0.0,0.25,0.25,1.0
0.25,0.0,0.0,0.14285714285714285,0.6,0.6666666666666666
0.0,0.0,0.3333333333333333,0.2857142857142857,0.125,0.875
1.0,0.0,0.0,0.16666666666666666,0.5,0.8571428571428571
0.25,0.4,0.4,0.16666666666666666,0.5,1.0
0.25,0.0,0.25,0.2857142857142857,0.2,0.5
0.1666666666666666,0.2,0.0,0.14285714285714285,0.6666666666666666,0.875
0.0,0.0,0.1666666666666666,0.2,0.375,1.0
0.3333333333333333,0.3333333333333333,0.3333333333333333,0.2,0.5,1.0
0.5,0.5,0.0,0.0,0.3333333333333333,1.0
0.0,0.5,0.3333333333333333,0.3333333333333333,0.3333333333333333,0.7142857142857143
0.2857142857142857,0.0,0.0,0.5,0.6666666666666666,0.8571428571428571
0.3333333333333333,0.3333333333333333,0.3333333333333333,0.0,0.25,0.8
0.25,0.0,0.0,0.0,0.125,0.5714285714285714
0.1666666666666666,0.25,1.0,0.2222222222222222,0.4444444444444444,1.0
0.25,0.0,0.1666666666666666,0.2857142857142857,0.25,1.0
0.0,0.25,0.3333333333333333,0.0,0.125,0.8571428571428571
0.2,0.5,0.0,0.25,0.4285714285714285,1.0
0.0,0.0,0.25,0.16666666666666666,0.6666666666666666,0.8571428571428571
0.0,0.1666666666666666,0.5,0.14285714285714285,0.5,1.0
0.1666666666666666,0.2,0.0,0.3333333333333333,0.5,1.0
0.0,0.0,0.0,0.2,0.375,1.0
0.1666666666666666,0.2,0.2,0.5,0.25,0.6666666666666666
0.4,0.0,0.3333333333333333,0.14285714285714285,0.0,0.8571428571428571
0.3333333333333333,0.3333333333333333,0.3333333333333333,0.25,0.0,0.5
0.0,0.1428571428571428,0.0,0.1111111111111111,0.5,1.0
0.2,0.0,0.3333333333333333,0.25,0.4285714285714285,1.0
0.25,0.0,0.0,0.25,0.4285714285714285,0.8571428571428571
0.5,0.0,0.0,0.0,0.2857142857142857,0.6
0.3333333333333333,0.2,0.1666666666666666,0.3333333333333333,0.5,0.8
0.0,0.0,0.1666666666666666,0.14285714285714285,0.1666666666666666,0.75
0.25,0.0,0.0,0.25,0.25,0.6
0.6666666666666666,0.0,0.0,0.2,0.375,1.0
0.3333333333333333,0.5,0.1428571428571428,0.3333333333333333,0.0,1.0
0.0,0.4,0.0,0.2,0.0,1.0
0.0,0.0,0.3333333333333333,0.0,0.25,1.0
0.3333333333333333,0.0,0.0,0.0,0.75,0.75
0.0,0.1666666666666666,0.25,0.3333333333333333,0.4,1.0
0.0,0.0,0.0,0.5,0.5,0.8
